-- SET FOREIGN_KEY_CHECKS = 0;
DELETE FROM `RFID_connection`;
DELETE FROM `employee`;
DELETE FROM `department`;
DELETE FROM `risk_group`;
DELETE FROM `sanitizer_station`;
-- SET FOREIGN_KEY_CHECKS = 1;

INSERT INTO `sanitizer_station` (id, name, location, volume_capacity, volume_remaining, created_at, updated_at) VALUES (186,'First Dept Sanitizer','Bathroom',100,100,'2020-12-03 09:22:34','2020-12-03 09:22:34'),(187,'First Dept Sanitizer','Entrance',100,100,'2020-12-03 09:22:34','2020-12-03 09:22:34'),(188,'Second Dept Sanitizer','Entrance',100,100,'2020-12-03 09:22:34','2020-12-03 09:22:34'),(189,'Second Dept Sanitizer','Exit',100,100,'2020-12-03 09:22:34','2020-12-03 09:22:34'),(190,'Third Dept Sanitizer','Entrance',100,100,'2020-12-03 09:22:34','2020-12-03 09:22:34'),(191,'Third Dept Sanitizer','Bathroom',100,100,'2020-12-03 09:22:34','2020-12-03 09:22:34'),(192,'Fourth Dept Sanitizer','The Balcony',100,100,'2020-12-03 09:22:34','2020-12-03 09:22:34'),(193,'Fourth Dept Sanitizer','The Attic',100,100,'2020-12-03 09:22:34','2020-12-03 09:22:34');

INSERT INTO `risk_group` VALUES (1,'High'),(2,'Medium'),(3,'Low');

INSERT INTO `department`(id, name, location, created_at, updated_at) VALUES (33,'Radiotherapy',NULL,'2020-12-03 09:22:34','2020-12-03 09:22:34'),(34,'ICU',NULL,'2020-12-03 09:22:34','2020-12-03 09:22:34'),(35,'Cardiology',NULL,'2020-12-03 09:22:34','2020-12-03 09:22:34'),(36,'A&E',NULL,'2020-12-03 09:22:34','2020-12-03 09:22:34'),(37,'Pharmacy',NULL,'2020-12-03 09:22:34','2020-12-03 09:22:34');

INSERT INTO `employee` (id, UID, first_name, last_name, department_id, risk_group_id, created_at, updated_at) VALUES (1842,'1132','Aaron','Jones',37,NULL,'2020-12-03 09:22:34','2020-12-03 09:22:34'),(1843,'1135','Adam','Smith',34,NULL,'2020-12-03 09:22:34','2020-12-03 09:22:34'),(1844,'1250','Jamie','Bloggs',35,NULL,'2020-12-03 09:22:34','2020-12-03 09:22:34'),(1845,'1257','Jade','Dias',34,NULL,'2020-12-03 09:22:34','2020-12-03 09:22:34'),(1846,'1305','Jimmy','Markle',37,NULL,'2020-12-03 09:22:34','2020-12-03 09:22:34'),(1847,'1444','Robert','Doe',36,NULL,'2020-12-03 09:22:34','2020-12-03 09:22:34'),(1848,'1733','Luke','Smith',36,NULL,'2020-12-03 09:22:34','2020-12-03 09:22:34'),(1849,'1740','Arif','Plisskin',35,NULL,'2020-12-03 09:22:34','2020-12-03 09:22:34'),(1850,'2117','Micheal','Strife',33,NULL,'2020-12-03 09:22:34','2020-12-03 09:22:34'),(1851,'2405','Bob','Leonheart',37,NULL,'2020-12-03 09:22:34','2020-12-03 09:22:34'),(1852,'2504','James','Tribal',35,NULL,'2020-12-03 09:22:34','2020-12-03 09:22:34'),(1853,'2553','Al','Gainsbourough',37,NULL,'2020-12-03 09:22:34','2020-12-03 09:22:34'),(1854,'2578','Alex','Lockheart',34,NULL,'2020-12-03 09:22:34','2020-12-03 09:22:34'),(1855,'2893','Charlie','Kopparberd',36,NULL,'2020-12-03 09:22:34','2020-12-03 09:22:34'),(1856,'3024','Knut','McDonald',35,NULL,'2020-12-03 09:22:34','2020-12-03 09:22:34'),(1857,'3099','Andrei','Tennant',34,NULL,'2020-12-03 09:22:34','2020-12-03 09:22:34'),(1858,'3378','Hazim','Jones',37,NULL,'2020-12-03 09:22:34','2020-12-03 09:22:34'),(1859,'3576','Sam','Cloggs',33,NULL,'2020-12-03 09:22:34','2020-12-03 09:22:34'),(1860,'3861','Megan','Fring',35,NULL,'2020-12-03 09:22:34','2020-12-03 09:22:34'),(1861,'3867','Julie','Smith',33,NULL,'2020-12-03 09:22:34','2020-12-03 09:22:34'),(1862,'4011','Jiminy','Dursley',33,NULL,'2020-12-03 09:22:34','2020-12-03 09:22:34'),(1863,'4100','Joseph','Potter',34,NULL,'2020-12-03 09:22:34','2020-12-03 09:22:34'),(1864,'4184','Leo','Trotter',37,NULL,'2020-12-03 09:22:34','2020-12-03 09:22:34'),(1865,'4221','Christopher','Pennyworth',35,NULL,'2020-12-03 09:22:34','2020-12-03 09:22:34'),(1866,'4266','Samuel','Preda',33,NULL,'2020-12-03 09:22:34','2020-12-03 09:22:34'),(1867,'4600','Vernon','Sceats',34,NULL,'2020-12-03 09:22:34','2020-12-03 09:22:34'),(1868,'4872','Nigel','Smeets',33,NULL,'2020-12-03 09:22:34','2020-12-03 09:22:34'),(1869,'4902','Harry','Bown',35,NULL,'2020-12-03 09:22:34','2020-12-03 09:22:34'),(1870,'4907','Undyne','Brown',37,NULL,'2020-12-03 09:22:34','2020-12-03 09:22:34'),(1871,'4918','Wendy','Urban',33,NULL,'2020-12-03 09:22:34','2020-12-03 09:22:34'),(1872,'4971','Patrick','Dross',34,NULL,'2020-12-03 09:22:34','2020-12-03 09:22:34'),(1873,'5002','Barry','Boss',37,NULL,'2020-12-03 09:22:34','2020-12-03 09:22:34'),(1874,'5059','Frank','Loss',35,NULL,'2020-12-03 09:22:34','2020-12-03 09:22:34'),(1875,'5190','Dave','Rowe',34,NULL,'2020-12-03 09:22:34','2020-12-03 09:22:34'),(1876,'5204','Jack','Applegate',34,NULL,'2020-12-03 09:22:34','2020-12-03 09:22:34'),(1877,'5205','Zelda','Binar',36,NULL,'2020-12-03 09:22:34','2020-12-03 09:22:34'),(1878,'5440','Patricia','Hexa',34,NULL,'2020-12-03 09:22:34','2020-12-03 09:22:34'),(1879,'5482','Freddie','See',37,NULL,'2020-12-03 09:22:34','2020-12-03 09:22:34'),(1880,'5536','Jemery','Seeplusplus',33,NULL,'2020-12-03 09:22:34','2020-12-03 09:22:34'),(1881,'5785','Mike','Seesharp',33,NULL,'2020-12-03 09:22:34','2020-12-03 09:22:34'),(1882,'5865','Pheobe','Pie',36,NULL,'2020-12-03 09:22:34','2020-12-03 09:22:34'),(1883,'6020','Rachel','Thon',36,NULL,'2020-12-03 09:22:34','2020-12-03 09:22:34'),(1884,'6057','Monica','Ruby',33,NULL,'2020-12-03 09:22:34','2020-12-03 09:22:34'),(1885,'6143','Ross','Jahva',34,NULL,'2020-12-03 09:22:34','2020-12-03 09:22:34'),(1886,'6209','Joey','Stark',37,NULL,'2020-12-03 09:22:34','2020-12-03 09:22:34'),(1887,'6289','Chandler','Rogers',37,NULL,'2020-12-03 09:22:34','2020-12-03 09:22:34'),(1888,'6351','Clark','Wayne',35,NULL,'2020-12-03 09:22:34','2020-12-03 09:22:34'),(1889,'6553','Harley','Kent',33,NULL,'2020-12-03 09:22:34','2020-12-03 09:22:34'),(1890,'6711','Selina','Wilson',35,NULL,'2020-12-03 09:22:34','2020-12-03 09:22:34'),(1891,'6996','Miguel','Quinn',36,NULL,'2020-12-03 09:22:34','2020-12-03 09:22:34'),(1892,'7048','Tulio','Kyle',34,NULL,'2020-12-03 09:22:34','2020-12-03 09:22:34'),(1893,'7089','Danny','Johnson',36,NULL,'2020-12-03 09:22:34','2020-12-03 09:22:34'),(1894,'7115','Kevin','Luceum',33,NULL,'2020-12-03 09:22:34','2020-12-03 09:22:34'),(1895,'7131','Mario','Cole',35,NULL,'2020-12-03 09:22:34','2020-12-03 09:22:34'),(1896,'7219','Peach','Smith',35,NULL,'2020-12-03 09:22:34','2020-12-03 09:22:34'),(1897,'7280','Luigi','Kite',35,NULL,'2020-12-03 09:22:34','2020-12-03 09:22:34'),(1898,'7335','Doug','Kuczmejno',37,NULL,'2020-12-03 09:22:34','2020-12-03 09:22:34'),(1899,'7342','Cloud','Hyman',37,NULL,'2020-12-03 09:22:34','2020-12-03 09:22:34'),(1900,'7351','Leon','Jacobs',35,NULL,'2020-12-03 09:22:34','2020-12-03 09:22:34'),(1901,'7418','Squal','Daniels',36,NULL,'2020-12-03 09:22:34','2020-12-03 09:22:34'),(1902,'7611','Zidane','Sorenson',35,NULL,'2020-12-03 09:22:34','2020-12-03 09:22:34'),(1903,'7694','Sora','Potter',34,NULL,'2020-12-03 09:22:34','2020-12-03 09:22:34'),(1904,'7767','Garnet','Bull',34,NULL,'2020-12-03 09:22:34','2020-12-03 09:22:34'),(1905,'7781','Roy','Reed',34,NULL,'2020-12-03 09:22:34','2020-12-03 09:22:34'),(1906,'8216','Rose','Reid',34,NULL,'2020-12-03 09:22:34','2020-12-03 09:22:34'),(1907,'8335','Jack','Parrick',34,NULL,'2020-12-03 09:22:34','2020-12-03 09:22:34'),(1908,'8352','Tifa','Green',35,NULL,'2020-12-03 09:22:34','2020-12-03 09:22:34'),(1909,'8547','Aerith','Maddams',34,NULL,'2020-12-03 09:22:34','2020-12-03 09:22:34'),(1910,'8570','Aeris','Adams',35,NULL,'2020-12-03 09:22:34','2020-12-03 09:22:34'),(1911,'8832','Shaoib','Duthie',36,NULL,'2020-12-03 09:22:34','2020-12-03 09:22:34'),(1912,'8906','Vishnu','Ten',34,NULL,'2020-12-03 09:22:34','2020-12-03 09:22:34'),(1913,'9002','Erdrick','Nien',34,NULL,'2020-12-03 09:22:34','2020-12-03 09:22:34'),(1914,'9272','Kratos','Ahyt',35,NULL,'2020-12-03 09:22:34','2020-12-03 09:22:34'),(1915,'9312','Aloy','Sehven',33,NULL,'2020-12-03 09:22:34','2020-12-03 09:22:34'),(1916,'9404','Rey','Sicks',36,NULL,'2020-12-03 09:22:34','2020-12-03 09:22:34'),(1917,'9541','Finn','Thighve',34,NULL,'2020-12-03 09:22:34','2020-12-03 09:22:34'),(1918,'9720','Clive','Free',35,NULL,'2020-12-03 09:22:34','2020-12-03 09:22:34'),(1919,'9791','Joshua','Too',35,3,'2020-12-03 09:22:34','2020-12-21 13:34:06'),(1920,'9903','Jill','Wun',35,NULL,'2020-12-03 09:22:34','2020-12-03 09:22:34'),(1921,'9981','Chris','Null',34,1,'2020-12-03 09:22:34','2020-12-21 13:34:00');

INSERT INTO `RFID_connection` VALUES (1703,'9791',193,'2020-12-03 09:22:42',12,1),(1704,'7115',190,'2020-12-03 09:22:53',6,2),(1705,'8547',192,'2020-12-03 09:22:46',13,2),(1706,'7115',186,'2020-12-03 09:22:44',17,2),(1707,'2553',186,'2020-12-03 09:22:49',17,3),(1708,'7089',192,'2020-12-03 09:22:51',20,2),(1709,'8335',193,'2020-12-03 09:26:06',2,2),(1710,'7131',193,'2020-12-03 09:26:14',19,2),(1711,'4100',187,'2020-12-03 09:26:25',12,1),(1712,'6553',188,'2020-12-03 09:26:44',10,2),(1713,'7089',189,'2020-12-03 09:27:01',8,1),(1714,'9404',193,'2020-12-03 09:27:32',16,1),(1715,'4221',186,'2020-12-03 09:29:41',9,1),(1716,'2893',186,'2020-12-03 09:30:52',16,3),(1717,'2578',188,'2020-12-03 09:31:06',10,3),(1718,'6289',193,'2020-12-03 09:31:28',8,1),(1719,'9791',186,'2020-12-03 09:31:54',11,2),(1720,'1132',191,'2020-12-03 09:31:55',12,1),(1721,'8335',189,'2020-12-03 09:34:39',7,1),(1722,'2405',191,'2020-12-03 09:35:18',5,2),(1723,'1740',190,'2020-12-03 09:35:13',11,2),(1724,'4266',189,'2020-12-03 09:35:28',11,3),(1725,'6020',191,'2020-12-03 09:36:07',19,2),(1726,'3861',190,'2020-12-03 09:36:39',13,3),(1727,'8216',187,'2020-12-03 09:38:50',8,1),(1728,'8352',188,'2020-12-03 09:39:04',17,2),(1729,'7781',190,'2020-12-03 09:39:30',16,1),(1730,'4872',192,'2020-12-03 09:39:44',3,3),(1731,'5536',193,'2020-12-03 09:40:18',2,2),(1732,'2578',193,'2020-12-03 09:40:07',15,1),(1733,'6553',187,'2020-12-03 09:42:10',9,3),(1734,'8906',192,'2020-12-03 09:43:36',2,3),(1735,'6209',186,'2020-12-03 09:43:50',2,3),(1736,'1444',186,'2020-12-03 09:44:01',6,3),(1737,'1305',191,'2020-12-03 09:44:38',7,3),(1738,'7342',187,'2020-12-03 09:44:38',11,2),(1739,'4600',193,'2020-12-03 09:47:15',9,1),(1740,'3861',193,'2020-12-03 09:47:18',13,2),(1741,'7781',186,'2020-12-03 09:47:44',12,3),(1742,'5002',188,'2020-12-03 09:47:55',17,1),(1743,'5482',191,'2020-12-03 09:48:18',19,2),(1744,'8906',189,'2020-12-03 09:48:43',8,3),(1745,'8570',186,'2020-12-03 09:50:53',8,1),(1746,'4918',187,'2020-12-03 09:51:25',19,3),(1747,'2578',190,'2020-12-03 09:51:43',5,3),(1748,'1257',189,'2020-12-03 09:52:50',12,1),(1749,'7048',188,'2020-12-03 09:52:48',17,1),(1750,'2893',189,'2020-12-03 09:53:48',7,1),(1751,'7611',187,'2020-12-03 09:54:05',18,1),(1752,'8906',193,'2020-12-03 09:55:56',18,3),(1753,'3861',191,'2020-12-03 09:56:18',8,2),(1754,'1132',190,'2020-12-03 09:57:17',15,1),(1755,'3867',189,'2020-12-03 09:57:37',6,3),(1756,'4902',189,'2020-12-03 09:57:54',9,3),(1757,'8352',186,'2020-12-03 09:57:58',15,2),(1758,'2578',192,'2020-12-03 09:59:22',15,1),(1759,'4600',191,'2020-12-03 09:59:41',12,2),(1760,'7048',189,'2020-12-03 10:01:35',17,1),(1761,'3867',188,'2020-12-03 10:01:52',3,1),(1762,'6209',193,'2020-12-03 10:02:29',2,1),(1763,'6711',191,'2020-12-03 10:03:00',11,3),(1764,'6711',187,'2020-12-03 10:03:51',11,1),(1765,'9541',192,'2020-12-03 10:04:42',15,1),(1766,'9541',190,'2020-12-03 10:05:52',5,3),(1767,'9903',193,'2020-12-03 10:05:45',13,1),(1768,'2405',190,'2020-12-03 10:06:52',18,1),(1769,'7418',192,'2020-12-03 10:07:23',4,1),(1770,'7694',187,'2020-12-03 10:07:23',6,3),(1771,'6020',193,'2020-12-03 10:09:20',20,1),(1772,'1444',187,'2020-12-03 10:09:53',4,2),(1773,'9791',189,'2020-12-03 10:10:00',6,2),(1774,'7342',188,'2020-12-03 10:11:00',9,1),(1775,'5190',192,'2020-12-03 10:11:12',16,2),(1776,'6553',192,'2020-12-03 10:11:56',18,3),(1777,'7048',192,'2020-12-03 10:13:28',2,3),(1778,'7131',189,'2020-12-03 10:13:43',4,2),(1779,'4221',192,'2020-12-03 10:14:17',3,2),(1780,'7048',188,'2020-12-03 10:14:41',4,2),(1781,'4918',186,'2020-12-03 10:15:53',18,1),(1782,'9404',187,'2020-12-03 10:16:54',17,2),(1783,'8352',188,'2020-12-03 10:18:11',2,3),(1784,'7351',190,'2020-12-03 10:18:17',2,1),(1785,'7048',190,'2020-12-03 10:18:39',8,2),(1786,'9720',186,'2020-12-03 10:18:52',7,3),(1787,'1305',193,'2020-12-03 10:19:46',11,1),(1788,'8906',188,'2020-12-03 10:21:19',17,1),(1789,'5190',188,'2020-12-03 10:22:17',10,2),(1790,'4221',187,'2020-12-03 10:22:34',9,2),(1791,'3861',186,'2020-12-03 10:22:51',15,3),(1792,'9981',187,'2020-12-03 10:22:48',18,1),(1793,'1733',186,'2020-12-03 10:24:29',3,3),(1794,'8547',187,'2020-12-03 10:25:19',17,3),(1795,'6351',190,'2020-12-03 10:26:52',9,3),(1796,'7115',190,'2020-12-03 10:27:04',2,2),(1797,'6553',192,'2020-12-03 10:26:49',19,1),(1798,'8335',186,'2020-12-03 10:26:57',19,1),(1799,'6209',187,'2020-12-03 10:29:29',11,2),(1800,'9002',187,'2020-12-03 10:29:29',17,2),(1801,'9791',189,'2020-12-03 10:30:38',19,3),(1802,'4872',193,'2020-12-03 10:31:01',3,2),(1803,'6711',186,'2020-12-03 10:31:45',14,2),(1804,'1132',191,'2020-12-03 10:31:59',2,2),(1805,'4971',193,'2020-12-03 10:32:48',16,1),(1806,'1132',189,'2020-12-03 10:34:44',16,3),(1807,'7219',190,'2020-12-03 10:35:01',5,2),(1808,'8547',191,'2020-12-03 10:35:26',9,3),(1809,'2553',188,'2020-12-03 10:35:35',8,1),(1810,'2578',187,'2020-12-03 10:35:46',15,3),(1811,'8352',192,'2020-12-03 10:37:11',14,2),(1812,'5440',186,'2020-12-03 10:39:14',2,2),(1813,'9541',191,'2020-12-03 10:39:09',15,2),(1814,'6553',192,'2020-12-03 10:39:58',3,1),(1815,'7115',190,'2020-12-03 10:39:55',11,1),(1816,'4221',190,'2020-12-03 10:40:06',4,2),(1817,'2578',187,'2020-12-03 10:42:03',9,3),(1818,'3378',190,'2020-12-03 10:43:31',8,3),(1819,'7694',187,'2020-12-03 10:44:21',11,1),(1820,'5205',192,'2020-12-03 10:44:24',8,1),(1821,'6351',187,'2020-12-03 10:44:59',7,1),(1822,'6351',191,'2020-12-03 10:44:59',16,2),(1823,'4266',189,'2020-12-03 10:45:21',5,2),(1824,'3867',192,'2020-12-03 10:48:11',16,3),(1825,'8216',188,'2020-12-03 10:48:29',3,1),(1826,'4872',186,'2020-12-03 10:48:37',4,1),(1827,'7781',193,'2020-12-03 10:48:57',11,3),(1828,'5440',186,'2020-12-03 10:49:33',7,1),(1829,'8352',191,'2020-12-03 10:50:13',9,3),(1830,'5440',187,'2020-12-03 10:52:10',8,3),(1831,'5190',193,'2020-12-03 10:52:42',11,3),(1832,'5190',186,'2020-12-03 10:52:55',13,2),(1833,'7219',189,'2020-12-03 10:53:00',13,2),(1834,'7280',191,'2020-12-03 10:53:19',19,1),(1835,'4971',186,'2020-12-03 10:54:17',14,3),(1836,'9791',192,'2020-12-03 10:56:43',7,1),(1837,'1444',186,'2020-12-03 10:56:36',14,2),(1838,'6209',191,'2020-12-03 10:56:43',17,3),(1839,'2117',190,'2020-12-03 10:57:49',3,1),(1840,'2504',193,'2020-12-03 10:57:49',8,2),(1841,'2117',193,'2020-12-03 10:57:54',11,3),(1842,'8352',193,'2020-12-03 10:59:53',10,2),(1843,'4600',189,'2020-12-03 11:00:59',12,2),(1844,'7351',193,'2020-12-03 11:01:05',7,3),(1845,'4600',192,'2020-12-03 11:01:51',10,2),(1846,'4184',192,'2020-12-03 11:02:13',18,1),(1847,'3867',192,'2020-12-03 11:02:32',17,3),(1848,'5865',192,'2020-12-03 11:03:56',17,2),(1849,'3576',193,'2020-12-03 11:04:22',15,1),(1850,'9002',192,'2020-12-03 11:04:51',6,3),(1851,'8570',188,'2020-12-03 11:05:42',4,1),(1852,'6289',191,'2020-12-03 11:05:50',8,3),(1853,'9002',189,'2020-12-03 11:06:40',4,3),(1854,'6057',193,'2020-12-03 11:07:19',20,3),(1855,'5785',192,'2020-12-03 11:08:02',8,3),(1856,'7280',187,'2020-12-03 11:08:48',2,3),(1857,'2893',188,'2020-12-03 11:08:54',20,1),(1858,'5440',190,'2020-12-03 11:09:44',10,3),(1859,'7048',190,'2020-12-03 11:10:37',6,2),(1860,'1132',187,'2020-12-03 11:11:13',4,2),(1861,'8335',191,'2020-12-03 11:11:49',15,2),(1862,'9002',188,'2020-12-03 11:12:41',2,2),(1863,'1135',187,'2020-12-03 11:13:29',9,2),(1864,'3867',191,'2020-12-03 11:13:34',10,2),(1865,'4918',188,'2020-12-03 11:15:28',16,2),(1866,'3378',187,'2020-12-03 11:15:42',16,2),(1867,'8832',186,'2020-12-03 11:15:49',10,1),(1868,'1250',193,'2020-12-03 11:16:47',17,3),(1869,'4971',186,'2020-12-03 11:17:43',14,1),(1870,'2553',191,'2020-12-03 11:18:26',14,2),(1871,'9541',186,'2020-12-03 11:19:17',3,1),(1872,'8352',193,'2020-12-03 11:19:36',7,2),(1873,'5002',191,'2020-12-03 11:20:18',7,3),(1874,'6020',189,'2020-12-03 11:20:58',4,1),(1875,'4100',189,'2020-12-03 11:21:58',11,1),(1876,'6020',188,'2020-12-03 11:22:12',16,1),(1877,'5482',186,'2020-12-03 11:22:48',4,1),(1878,'4600',188,'2020-12-03 11:23:55',3,1),(1879,'9404',188,'2020-12-03 11:24:08',16,1),(1880,'9002',190,'2020-12-03 11:24:57',9,2),(1881,'4902',186,'2020-12-03 11:25:42',16,2),(1882,'7342',190,'2020-12-03 11:26:58',12,2),(1883,'7219',190,'2020-12-03 11:27:06',13,1),(1884,'5002',189,'2020-12-03 11:27:42',14,3),(1885,'9312',189,'2020-12-03 11:28:52',6,1),(1886,'2578',190,'2020-12-03 11:28:54',17,2),(1887,'7342',186,'2020-12-03 11:30:17',2,1),(1888,'4011',193,'2020-12-03 11:31:03',17,3),(1889,'7611',192,'2020-12-03 11:32:08',10,1),(1890,'3378',191,'2020-12-03 11:32:34',16,2),(1891,'4221',186,'2020-12-03 11:32:52',10,1),(1892,'8335',191,'2020-12-03 11:33:12',8,1),(1893,'8570',190,'2020-12-03 11:34:51',6,3),(1894,'3024',193,'2020-12-03 11:35:51',13,2),(1895,'1132',186,'2020-12-03 11:36:23',4,2),(1896,'1250',188,'2020-12-03 11:36:16',14,1),(1897,'1733',191,'2020-12-03 11:37:18',14,1),(1898,'5190',186,'2020-12-03 11:37:47',17,2),(1899,'8352',189,'2020-12-03 11:39:04',10,3),(1900,'9720',192,'2020-12-03 11:40:38',9,2),(1901,'9720',187,'2020-12-03 11:40:57',16,1),(1902,'8906',190,'2020-12-03 11:41:05',12,1),(1903,'2117',193,'2020-12-03 11:41:15',17,3),(1904,'7418',189,'2020-12-03 11:41:37',13,1),(1905,'9791',189,'2020-12-03 11:42:15',12,1),(1906,'5785',192,'2020-12-03 11:44:38',19,3),(1907,'5440',186,'2020-12-03 11:45:11',2,3),(1908,'4221',188,'2020-12-03 11:45:05',9,2),(1909,'7131',190,'2020-12-03 11:45:35',16,3),(1910,'5190',187,'2020-12-03 11:46:00',2,3),(1911,'4266',191,'2020-12-03 11:46:41',16,2),(1912,'4902',186,'2020-12-03 11:48:12',11,2),(1913,'1132',192,'2020-12-03 11:49:11',13,3),(1914,'7351',189,'2020-12-03 11:49:25',16,3),(1915,'7280',193,'2020-12-03 11:49:39',4,1),(1916,'5059',188,'2020-12-03 11:50:14',20,3),(1917,'6020',190,'2020-12-03 11:51:15',9,3),(1918,'7342',188,'2020-12-03 11:51:49',6,3),(1919,'5536',189,'2020-12-03 11:53:06',8,3),(1920,'5785',190,'2020-12-03 11:53:35',15,3),(1921,'2405',188,'2020-12-03 11:53:44',18,1),(1922,'1135',189,'2020-12-03 11:54:42',11,2),(1923,'8335',186,'2020-12-03 11:55:41',20,1),(1924,'8216',189,'2020-12-03 11:56:04',12,1),(1925,'3867',188,'2020-12-03 11:56:39',8,1),(1926,'4918',193,'2020-12-03 11:57:05',18,2),(1927,'6351',191,'2020-12-03 11:57:34',18,3),(1928,'3024',193,'2020-12-03 11:58:29',18,2),(1929,'3378',187,'2020-12-03 12:00:13',2,2),(1930,'7418',191,'2020-12-03 12:00:36',9,3),(1931,'1740',191,'2020-12-03 12:00:54',11,3),(1932,'7115',188,'2020-12-03 12:01:10',16,1),(1933,'7280',193,'2020-12-03 12:02:07',7,1),(1934,'7781',187,'2020-12-03 12:03:18',18,2),(1935,'6351',192,'2020-12-03 12:03:23',16,2),(1936,'4872',186,'2020-12-03 12:04:19',9,3),(1937,'4011',192,'2020-12-03 12:04:30',7,2),(1938,'7611',190,'2020-12-03 12:05:17',12,3),(1939,'4600',193,'2020-12-03 12:06:43',7,2),(1940,'7219',186,'2020-12-03 12:07:23',8,3),(1941,'7611',189,'2020-12-03 12:07:45',15,1),(1942,'7767',186,'2020-12-03 12:07:50',10,3),(1943,'5536',190,'2020-12-03 12:07:57',13,1),(1944,'9981',187,'2020-12-03 12:08:43',5,1),(1945,'6289',191,'2020-12-03 12:10:23',13,2),(1946,'6553',189,'2020-12-03 12:11:13',3,3),(1947,'9404',191,'2020-12-03 12:11:31',17,2),(1948,'4100',186,'2020-12-03 12:12:04',6,1),(1949,'1733',188,'2020-12-03 12:12:04',7,3),(1950,'9312',189,'2020-12-03 12:12:45',20,2),(1951,'5785',189,'2020-12-03 12:14:13',13,3),(1952,'1132',188,'2020-12-03 12:14:26',19,3),(1953,'7115',191,'2020-12-03 12:15:58',8,1),(1954,'3099',191,'2020-12-03 12:16:10',9,3),(1955,'6711',188,'2020-12-03 12:16:22',16,1),(1956,'4907',188,'2020-12-03 12:16:36',7,2),(1957,'4918',188,'2020-12-03 12:18:45',12,2),(1958,'8832',193,'2020-12-03 12:19:02',3,2),(1959,'4266',186,'2020-12-03 12:20:06',4,2),(1960,'4971',188,'2020-12-03 12:20:09',2,1),(1961,'4184',191,'2020-12-03 12:20:17',8,2),(1962,'1733',192,'2020-12-03 12:20:30',2,3),(1963,'4100',192,'2020-12-03 12:22:54',2,2),(1964,'6020',191,'2020-12-03 12:22:51',19,1),(1965,'6057',193,'2020-12-03 12:23:35',14,1),(1966,'1444',186,'2020-12-03 12:23:50',8,2),(1967,'6209',187,'2020-12-03 12:23:59',14,1),(1968,'6020',191,'2020-12-03 12:25:06',6,2),(1969,'4907',186,'2020-12-03 12:27:17',4,3),(1970,'7115',188,'2020-12-03 12:27:15',9,2),(1971,'7280',190,'2020-12-03 12:27:25',17,3),(1972,'4971',188,'2020-12-03 12:28:06',2,2),(1973,'6711',188,'2020-12-03 12:28:17',8,2),(1974,'1257',188,'2020-12-03 12:29:13',7,3),(1975,'3576',193,'2020-12-03 12:31:28',2,1),(1976,'9981',191,'2020-12-03 12:32:00',17,3),(1977,'7418',192,'2020-12-03 12:32:11',18,2),(1978,'4902',189,'2020-12-03 12:32:35',20,2),(1979,'9404',189,'2020-12-03 12:33:24',8,1),(1980,'1733',193,'2020-12-03 12:33:35',13,1),(1981,'2405',190,'2020-12-03 12:34:48',7,1),(1982,'7131',189,'2020-12-03 12:36:02',19,2),(1983,'4011',188,'2020-12-03 12:36:07',16,1),(1984,'8352',186,'2020-12-03 12:37:17',9,3),(1985,'7131',189,'2020-12-03 12:38:02',9,1),(1986,'7781',187,'2020-12-03 12:38:14',10,3),(1987,'4872',191,'2020-12-03 12:38:20',18,2),(1988,'6057',191,'2020-12-03 12:40:40',8,2),(1989,'9404',189,'2020-12-03 12:40:46',13,2),(1990,'7767',189,'2020-12-03 12:40:59',15,1),(1991,'7089',191,'2020-12-03 12:42:38',10,1),(1992,'7048',191,'2020-12-03 12:42:56',5,1),(1993,'5785',192,'2020-12-03 12:43:00',6,2),(1994,'7335',188,'2020-12-03 12:44:13',10,2),(1995,'6996',191,'2020-12-03 12:44:50',9,2),(1996,'8547',190,'2020-12-03 12:45:55',12,2),(1997,'5059',189,'2020-12-03 12:46:06',19,2),(1998,'5059',192,'2020-12-03 12:46:49',12,1),(1999,'4872',192,'2020-12-03 12:46:50',13,3),(2000,'8216',189,'2020-12-03 12:48:00',18,3),(2001,'9404',192,'2020-12-03 12:48:48',11,3),(2002,'9002',193,'2020-12-03 12:50:37',12,1),(2003,'1444',187,'2020-12-03 12:50:38',15,3),(2004,'5002',191,'2020-12-03 12:51:07',10,1),(2005,'6351',190,'2020-12-03 12:51:09',10,3),(2006,'8906',193,'2020-12-03 12:52:44',6,3),(2007,'6996',193,'2020-12-03 12:52:51',9,2),(2008,'2405',189,'2020-12-03 12:54:43',19,3),(2009,'7781',189,'2020-12-03 12:55:33',6,2),(2010,'4902',193,'2020-12-03 12:55:21',18,2),(2011,'9404',187,'2020-12-03 12:55:46',11,1),(2012,'4918',186,'2020-12-03 12:56:20',7,2),(2013,'6057',188,'2020-12-03 12:56:17',17,1),(2014,'5059',189,'2020-12-03 12:58:33',8,3),(2015,'6553',191,'2020-12-03 12:59:36',8,2),(2016,'1257',193,'2020-12-03 12:59:40',12,1),(2017,'3024',192,'2020-12-03 12:59:55',18,1),(2018,'7342',186,'2020-12-03 13:00:08',8,3),(2019,'7767',188,'2020-12-03 13:00:06',16,3),(2020,'4011',187,'2020-12-03 13:03:33',10,1),(2021,'4971',186,'2020-12-03 13:03:35',13,1),(2022,'7767',186,'2020-12-03 13:04:15',12,2),(2023,'7611',188,'2020-12-03 13:04:29',3,2),(2024,'3024',193,'2020-12-03 13:04:29',12,1),(2025,'6351',191,'2020-12-03 13:04:47',4,2),(2026,'7115',186,'2020-12-03 13:07:52',17,3),(2027,'7351',192,'2020-12-03 13:07:51',20,2),(2028,'2553',190,'2020-12-03 13:08:12',13,3),(2029,'9791',187,'2020-12-03 13:08:25',2,3),(2030,'1740',191,'2020-12-03 13:08:50',8,1),(2031,'4971',187,'2020-12-03 13:09:19',13,3),(2032,'6020',193,'2020-12-03 13:12:21',8,3),(2033,'7767',187,'2020-12-03 13:12:22',20,3),(2034,'7048',188,'2020-12-03 13:12:43',6,2),(2035,'7767',190,'2020-12-03 13:13:30',3,1),(2036,'4266',192,'2020-12-03 13:13:24',10,3),(2037,'4184',189,'2020-12-03 13:13:40',20,1),(2038,'6209',187,'2020-12-03 13:15:54',4,2),(2039,'9791',189,'2020-12-03 13:16:45',4,2),(2040,'6057',186,'2020-12-03 13:16:39',10,1),(2041,'3099',191,'2020-12-03 13:17:07',18,3),(2042,'6553',189,'2020-12-03 13:17:38',9,1),(2043,'7131',190,'2020-12-03 13:17:45',11,3),(2044,'4872',193,'2020-12-03 13:19:40',8,3),(2045,'4221',190,'2020-12-03 13:21:07',2,3),(2046,'6143',187,'2020-12-03 13:21:02',15,1),(2047,'9541',191,'2020-12-03 13:21:20',18,2),(2048,'9272',187,'2020-12-03 13:21:47',4,2),(2049,'5440',187,'2020-12-03 13:21:57',12,3),(2050,'2893',192,'2020-12-03 13:22:49',4,1),(2051,'6289',188,'2020-12-03 13:25:26',7,3),(2052,'9720',187,'2020-12-03 13:25:48',4,2),(2053,'5190',191,'2020-12-03 13:25:39',20,3),(2054,'9272',191,'2020-12-03 13:25:59',8,2),(2055,'9720',188,'2020-12-03 13:26:40',12,2),(2056,'4266',190,'2020-12-03 13:27:32',18,1),(2057,'7219',189,'2020-12-03 13:29:21',8,2),(2058,'5204',187,'2020-12-03 13:30:28',5,1),(2059,'7418',191,'2020-12-03 13:30:40',6,1),(2060,'3861',190,'2020-12-03 13:30:52',12,1),(2061,'1135',189,'2020-12-03 13:31:34',10,2),(2062,'7131',190,'2020-12-03 13:31:48',12,2),(2063,'2578',193,'2020-12-03 13:33:37',19,1),(2064,'1740',186,'2020-12-03 13:33:51',8,3),(2065,'2504',189,'2020-12-03 13:34:59',5,3),(2066,'9903',192,'2020-12-03 13:34:50',15,1),(2067,'7767',192,'2020-12-03 13:35:26',11,3),(2068,'7048',192,'2020-12-03 13:35:52',5,3),(2069,'1257',191,'2020-12-03 13:37:11',14,3),(2070,'9272',193,'2020-12-03 13:37:54',11,3),(2071,'9791',191,'2020-12-03 13:38:27',5,3),(2072,'5059',188,'2020-12-03 13:38:32',16,3),(2073,'4011',193,'2020-12-03 13:38:51',12,1),(2074,'5482',186,'2020-12-03 13:40:23',17,2),(2075,'2405',191,'2020-12-03 13:40:49',17,2),(2076,'3024',192,'2020-12-03 13:41:36',3,2),(2077,'3099',191,'2020-12-03 13:42:06',9,1),(2078,'4600',192,'2020-12-03 13:43:05',14,3),(2079,'3378',188,'2020-12-03 13:43:32',3,2),(2080,'8216',191,'2020-12-03 13:44:15',8,1),(2081,'8906',190,'2020-12-03 13:44:45',6,2),(2082,'5059',192,'2020-12-03 13:46:24',15,1),(2083,'3378',191,'2020-12-03 13:46:25',19,1),(2084,'6711',187,'2020-12-03 13:46:58',6,3),(2085,'9404',192,'2020-12-03 13:46:54',19,1),(2086,'3576',191,'2020-12-03 13:48:30',11,2),(2087,'5536',187,'2020-12-03 13:49:51',6,2),(2088,'7219',189,'2020-12-03 13:49:59',20,1),(2089,'2578',191,'2020-12-03 13:50:36',11,1),(2090,'8570',189,'2020-12-03 13:50:59',12,3),(2091,'6143',191,'2020-12-03 13:51:46',3,3),(2092,'7611',192,'2020-12-03 13:53:16',2,3),(2093,'8352',186,'2020-12-03 13:53:24',6,1),(2094,'2117',186,'2020-12-03 13:53:28',6,3),(2095,'9541',191,'2020-12-03 13:55:04',10,2),(2096,'7351',186,'2020-12-03 13:55:36',18,2),(2097,'7351',191,'2020-12-03 13:56:31',12,1),(2098,'9404',193,'2020-12-03 13:57:29',20,2),(2099,'5785',190,'2020-12-03 13:57:31',20,3),(2100,'9404',187,'2020-12-03 13:57:51',8,1),(2101,'5059',190,'2020-12-03 13:59:03',17,3),(2102,'9312',188,'2020-12-03 13:59:36',18,2),(2103,'3099',191,'2020-12-03 14:00:43',3,2),(2104,'4872',193,'2020-12-03 14:02:00',4,3),(2105,'6996',189,'2020-12-03 14:02:03',19,3),(2106,'6143',190,'2020-12-03 14:02:57',5,2),(2107,'8352',188,'2020-12-03 14:02:52',17,3),(2108,'3576',192,'2020-12-03 14:03:32',10,1),(2109,'8570',187,'2020-12-03 14:04:02',20,2),(2110,'6020',190,'2020-12-03 14:05:39',3,3),(2111,'4872',187,'2020-12-03 14:06:13',17,1),(2112,'2405',191,'2020-12-03 14:06:50',12,2),(2113,'6209',193,'2020-12-03 14:07:25',2,1),(2114,'6143',193,'2020-12-03 14:07:21',9,2),(2115,'5865',189,'2020-12-03 14:07:47',19,3),(2116,'5204',191,'2020-12-03 14:08:53',19,2),(2117,'7767',190,'2020-12-03 14:09:39',16,1),(2118,'1305',191,'2020-12-03 14:11:03',3,3),(2119,'2117',187,'2020-12-03 14:11:27',4,3),(2120,'6289',192,'2020-12-03 14:11:49',4,2),(2121,'7342',187,'2020-12-03 14:12:16',9,1),(2122,'6143',191,'2020-12-03 14:12:48',9,2),(2123,'5440',188,'2020-12-03 14:14:35',13,3),(2124,'6996',192,'2020-12-03 14:14:35',17,2),(2125,'1444',187,'2020-12-03 14:15:36',20,2),(2126,'8547',187,'2020-12-03 14:16:00',11,3),(2127,'5440',191,'2020-12-03 14:16:24',12,3),(2128,'8335',187,'2020-12-03 14:17:11',11,2),(2129,'1250',193,'2020-12-03 14:18:08',20,3),(2130,'5002',192,'2020-12-03 14:19:04',16,3),(2131,'1305',193,'2020-12-03 14:19:18',5,2),(2132,'9541',191,'2020-12-03 14:20:24',10,3),(2133,'6553',190,'2020-12-03 14:20:42',10,1),(2134,'1740',192,'2020-12-03 14:22:04',4,1),(2135,'9720',188,'2020-12-03 14:22:49',10,2),(2136,'7048',193,'2020-12-03 14:22:53',12,2),(2137,'6020',191,'2020-12-03 14:23:40',19,3),(2138,'7694',190,'2020-12-03 14:24:39',18,2),(2139,'9312',190,'2020-12-03 14:25:30',7,2),(2140,'8906',192,'2020-12-03 14:25:32',8,1),(2141,'2578',193,'2020-12-03 14:26:35',2,1),(2142,'1250',191,'2020-12-03 14:26:56',9,3),(2143,'1305',190,'2020-12-03 14:28:25',11,3),(2144,'6057',189,'2020-12-03 14:29:28',14,1),(2145,'2504',189,'2020-12-03 14:29:53',4,1),(2146,'4872',192,'2020-12-03 14:29:51',9,2),(2147,'2117',188,'2020-12-03 14:29:41',20,3),(2148,'7351',190,'2020-12-03 14:31:38',14,1),(2149,'9002',188,'2020-12-03 14:32:04',8,1),(2150,'7781',186,'2020-12-03 14:33:32',16,3),(2151,'4918',190,'2020-12-03 14:33:49',17,1),(2152,'7131',187,'2020-12-03 14:34:37',3,1),(2153,'4011',193,'2020-12-03 14:34:58',6,2),(2154,'7767',187,'2020-12-03 14:35:25',11,2),(2155,'9272',189,'2020-12-03 14:36:07',17,3),(2156,'8570',187,'2020-12-03 14:37:03',16,1),(2157,'4907',188,'2020-12-03 14:37:21',13,2),(2158,'9720',193,'2020-12-03 14:38:44',2,2),(2159,'4184',187,'2020-12-03 14:38:42',20,1),(2160,'4100',193,'2020-12-03 14:39:13',13,3),(2161,'8547',189,'2020-12-03 14:40:25',19,1),(2162,'2117',187,'2020-12-03 14:41:52',8,3),(2163,'9791',187,'2020-12-03 14:41:54',11,3),(2164,'1257',193,'2020-12-03 14:43:11',3,3),(2165,'1740',188,'2020-12-03 14:43:26',2,2),(2166,'3867',192,'2020-12-03 14:43:34',13,2),(2167,'5190',192,'2020-12-03 14:44:53',2,1),(2168,'7781',190,'2020-12-03 14:46:28',4,1),(2169,'6711',188,'2020-12-03 14:46:38',3,2),(2170,'7351',191,'2020-12-03 14:46:52',17,1),(2171,'7342',192,'2020-12-03 14:47:11',16,1),(2172,'9272',186,'2020-12-03 14:48:45',17,3),(2173,'3867',186,'2020-12-03 14:49:31',3,2),(2174,'5205',192,'2020-12-03 14:51:04',19,2),(2175,'7342',192,'2020-12-03 14:51:15',9,1),(2176,'9903',191,'2020-12-03 14:51:20',14,2),(2177,'5002',188,'2020-12-03 14:51:35',10,1),(2178,'1305',186,'2020-12-03 14:53:43',7,2),(2179,'7048',193,'2020-12-03 14:54:07',3,2),(2180,'3378',189,'2020-12-03 14:55:26',2,3),(2181,'7115',189,'2020-12-03 14:55:51',19,2),(2182,'3099',188,'2020-12-03 14:56:02',10,2),(2183,'8216',193,'2020-12-03 14:56:02',10,1),(2184,'1733',187,'2020-12-03 14:57:06',20,2),(2185,'7131',189,'2020-12-03 14:58:17',8,1),(2186,'7351',193,'2020-12-03 14:59:04',9,1),(2187,'6711',187,'2020-12-03 14:59:32',7,1),(2188,'2117',188,'2020-12-03 15:00:41',3,3),(2189,'2504',191,'2020-12-03 15:00:42',2,2),(2190,'5865',192,'2020-12-03 15:00:54',13,2),(2191,'9404',191,'2020-12-03 15:03:14',20,1),(2192,'8832',187,'2020-12-03 15:03:44',7,2),(2193,'4902',190,'2020-12-03 15:03:54',5,3),(2194,'9903',191,'2020-12-03 15:04:12',18,1),(2195,'5536',188,'2020-12-03 15:05:14',2,3),(2196,'1305',187,'2020-12-03 15:05:30',11,1),(2197,'9404',187,'2020-12-03 15:07:12',16,2),(2198,'7694',189,'2020-12-03 15:07:39',13,2),(2199,'7115',188,'2020-12-03 15:08:40',2,1),(2200,'1132',188,'2020-12-03 15:08:50',12,2),(2201,'6209',191,'2020-12-03 15:09:32',14,1),(2202,'8352',192,'2020-12-03 15:09:57',12,3),(2203,'2405',192,'2020-12-03 15:11:15',7,3),(2204,'1444',190,'2020-12-03 15:11:56',11,1),(2205,'7115',191,'2020-12-03 15:12:35',19,1),(2206,'7219',188,'2020-12-03 15:13:20',10,2),(2207,'2504',191,'2020-12-03 15:14:37',2,3),(2208,'4918',192,'2020-12-03 15:14:31',9,1),(2209,'5482',193,'2020-12-03 15:15:35',9,2),(2210,'7219',191,'2020-12-03 15:16:51',10,2),(2211,'4266',190,'2020-12-03 15:17:04',14,2),(2212,'4918',192,'2020-12-03 15:17:36',7,3),(2213,'5482',192,'2020-12-03 15:17:59',15,3),(2214,'5059',186,'2020-12-03 15:18:14',2,3),(2215,'2578',190,'2020-12-03 15:19:07',20,1),(2216,'4100',188,'2020-12-03 15:21:27',7,1),(2217,'7694',191,'2020-12-03 15:21:55',7,2),(2218,'3378',187,'2020-12-03 15:22:04',12,1),(2219,'8216',190,'2020-12-03 15:22:34',19,2),(2220,'5002',186,'2020-12-03 15:22:51',15,2),(2221,'9981',187,'2020-12-03 15:23:56',2,3),(2222,'9720',190,'2020-12-03 15:24:53',5,2),(2223,'3024',187,'2020-12-03 15:26:05',3,1),(2224,'2578',187,'2020-12-03 15:26:55',9,3),(2225,'4918',187,'2020-12-03 15:27:39',6,1),(2226,'8335',187,'2020-12-03 15:27:55',7,2),(2227,'9272',190,'2020-12-03 15:27:56',19,2),(2228,'7767',187,'2020-12-03 15:28:48',14,1),(2229,'1132',192,'2020-12-03 15:29:50',7,3),(2230,'5059',193,'2020-12-03 15:30:49',12,2),(2231,'8352',191,'2020-12-03 15:31:23',14,1),(2232,'7219',191,'2020-12-03 15:31:52',7,3),(2233,'1740',189,'2020-12-03 15:32:38',10,2),(2234,'4600',192,'2020-12-03 15:33:47',9,2),(2235,'2117',193,'2020-12-03 15:33:58',20,2),(2236,'8832',187,'2020-12-03 15:35:17',5,2),(2237,'8352',187,'2020-12-03 15:35:33',17,3),(2238,'7351',191,'2020-12-03 15:35:48',2,2),(2239,'8335',191,'2020-12-03 15:35:58',6,2),(2240,'7115',189,'2020-12-03 15:37:58',15,3),(2241,'1444',193,'2020-12-03 15:38:25',15,1),(2242,'8335',187,'2020-12-03 15:38:34',7,2),(2243,'7219',186,'2020-12-03 15:40:27',7,3),(2244,'7767',187,'2020-12-03 15:40:46',14,1),(2245,'2893',190,'2020-12-03 15:40:47',18,1),(2246,'1250',190,'2020-12-03 15:41:52',19,2),(2247,'8352',188,'2020-12-03 15:42:08',9,3),(2248,'9981',188,'2020-12-03 15:43:13',20,1),(2249,'6020',187,'2020-12-03 15:44:48',4,2),(2250,'5482',188,'2020-12-03 15:45:13',17,2),(2251,'3378',193,'2020-12-03 15:45:38',9,2),(2252,'7767',189,'2020-12-03 15:46:27',8,1),(2253,'7131',190,'2020-12-03 15:46:32',4,3),(2254,'1733',193,'2020-12-03 15:46:55',7,2),(2255,'4918',188,'2020-12-03 15:48:54',5,2),(2256,'5190',191,'2020-12-03 15:49:34',8,3),(2257,'8832',191,'2020-12-03 15:50:08',3,2),(2258,'5059',190,'2020-12-03 15:50:10',19,1),(2259,'6020',190,'2020-12-03 15:50:39',15,2),(2260,'2553',193,'2020-12-03 15:51:29',7,2),(2261,'4907',188,'2020-12-03 15:52:03',20,2),(2262,'5205',191,'2020-12-03 15:53:00',19,3),(2263,'2504',193,'2020-12-03 15:53:39',2,3),(2264,'5059',192,'2020-12-03 15:54:48',7,2),(2265,'4100',193,'2020-12-03 15:55:06',19,1),(2266,'8352',187,'2020-12-03 15:55:52',11,1),(2267,'5059',192,'2020-12-03 15:56:46',7,1),(2268,'3099',189,'2020-12-03 15:57:13',12,1),(2269,'4100',191,'2020-12-03 15:57:53',11,3),(2270,'7342',188,'2020-12-03 15:58:40',10,3),(2271,'5002',186,'2020-12-03 15:58:59',9,1),(2272,'5482',186,'2020-12-03 16:00:14',3,3),(2273,'3867',190,'2020-12-03 16:00:55',6,3),(2274,'5785',188,'2020-12-03 16:00:52',17,3),(2275,'6209',189,'2020-12-03 16:02:13',10,2),(2276,'7767',188,'2020-12-03 16:02:57',3,3),(2277,'6996',191,'2020-12-03 16:02:51',10,1),(2278,'9404',193,'2020-12-03 16:02:57',4,2),(2279,'1250',186,'2020-12-03 16:02:57',5,3),(2280,'5785',190,'2020-12-03 16:02:57',7,2),(2281,'6057',187,'2020-12-03 16:02:57',8,3),(2282,'2405',193,'2020-12-03 16:02:57',11,3),(2283,'8216',186,'2020-12-03 16:02:57',14,1);





