[
{
  "model": "auth.permission",
  "pk": 1,
  "fields": {
    "name": "Can add log entry",
    "content_type": 1,
    "codename": "add_logentry"
  }
},
{
  "model": "auth.permission",
  "pk": 2,
  "fields": {
    "name": "Can change log entry",
    "content_type": 1,
    "codename": "change_logentry"
  }
},
{
  "model": "auth.permission",
  "pk": 3,
  "fields": {
    "name": "Can delete log entry",
    "content_type": 1,
    "codename": "delete_logentry"
  }
},
{
  "model": "auth.permission",
  "pk": 4,
  "fields": {
    "name": "Can view log entry",
    "content_type": 1,
    "codename": "view_logentry"
  }
},
{
  "model": "auth.permission",
  "pk": 5,
  "fields": {
    "name": "Can add permission",
    "content_type": 2,
    "codename": "add_permission"
  }
},
{
  "model": "auth.permission",
  "pk": 6,
  "fields": {
    "name": "Can change permission",
    "content_type": 2,
    "codename": "change_permission"
  }
},
{
  "model": "auth.permission",
  "pk": 7,
  "fields": {
    "name": "Can delete permission",
    "content_type": 2,
    "codename": "delete_permission"
  }
},
{
  "model": "auth.permission",
  "pk": 8,
  "fields": {
    "name": "Can view permission",
    "content_type": 2,
    "codename": "view_permission"
  }
},
{
  "model": "auth.permission",
  "pk": 9,
  "fields": {
    "name": "Can add group",
    "content_type": 3,
    "codename": "add_group"
  }
},
{
  "model": "auth.permission",
  "pk": 10,
  "fields": {
    "name": "Can change group",
    "content_type": 3,
    "codename": "change_group"
  }
},
{
  "model": "auth.permission",
  "pk": 11,
  "fields": {
    "name": "Can delete group",
    "content_type": 3,
    "codename": "delete_group"
  }
},
{
  "model": "auth.permission",
  "pk": 12,
  "fields": {
    "name": "Can view group",
    "content_type": 3,
    "codename": "view_group"
  }
},
{
  "model": "auth.permission",
  "pk": 13,
  "fields": {
    "name": "Can add user",
    "content_type": 4,
    "codename": "add_user"
  }
},
{
  "model": "auth.permission",
  "pk": 14,
  "fields": {
    "name": "Can change user",
    "content_type": 4,
    "codename": "change_user"
  }
},
{
  "model": "auth.permission",
  "pk": 15,
  "fields": {
    "name": "Can delete user",
    "content_type": 4,
    "codename": "delete_user"
  }
},
{
  "model": "auth.permission",
  "pk": 16,
  "fields": {
    "name": "Can view user",
    "content_type": 4,
    "codename": "view_user"
  }
},
{
  "model": "auth.permission",
  "pk": 17,
  "fields": {
    "name": "Can add content type",
    "content_type": 5,
    "codename": "add_contenttype"
  }
},
{
  "model": "auth.permission",
  "pk": 18,
  "fields": {
    "name": "Can change content type",
    "content_type": 5,
    "codename": "change_contenttype"
  }
},
{
  "model": "auth.permission",
  "pk": 19,
  "fields": {
    "name": "Can delete content type",
    "content_type": 5,
    "codename": "delete_contenttype"
  }
},
{
  "model": "auth.permission",
  "pk": 20,
  "fields": {
    "name": "Can view content type",
    "content_type": 5,
    "codename": "view_contenttype"
  }
},
{
  "model": "auth.permission",
  "pk": 21,
  "fields": {
    "name": "Can add session",
    "content_type": 6,
    "codename": "add_session"
  }
},
{
  "model": "auth.permission",
  "pk": 22,
  "fields": {
    "name": "Can change session",
    "content_type": 6,
    "codename": "change_session"
  }
},
{
  "model": "auth.permission",
  "pk": 23,
  "fields": {
    "name": "Can delete session",
    "content_type": 6,
    "codename": "delete_session"
  }
},
{
  "model": "auth.permission",
  "pk": 24,
  "fields": {
    "name": "Can view session",
    "content_type": 6,
    "codename": "view_session"
  }
},
{
  "model": "auth.permission",
  "pk": 25,
  "fields": {
    "name": "Can add achievement",
    "content_type": 7,
    "codename": "add_achievement"
  }
},
{
  "model": "auth.permission",
  "pk": 26,
  "fields": {
    "name": "Can change achievement",
    "content_type": 7,
    "codename": "change_achievement"
  }
},
{
  "model": "auth.permission",
  "pk": 27,
  "fields": {
    "name": "Can delete achievement",
    "content_type": 7,
    "codename": "delete_achievement"
  }
},
{
  "model": "auth.permission",
  "pk": 28,
  "fields": {
    "name": "Can view achievement",
    "content_type": 7,
    "codename": "view_achievement"
  }
},
{
  "model": "auth.permission",
  "pk": 29,
  "fields": {
    "name": "Can add department",
    "content_type": 8,
    "codename": "add_department"
  }
},
{
  "model": "auth.permission",
  "pk": 30,
  "fields": {
    "name": "Can change department",
    "content_type": 8,
    "codename": "change_department"
  }
},
{
  "model": "auth.permission",
  "pk": 31,
  "fields": {
    "name": "Can delete department",
    "content_type": 8,
    "codename": "delete_department"
  }
},
{
  "model": "auth.permission",
  "pk": 32,
  "fields": {
    "name": "Can view department",
    "content_type": 8,
    "codename": "view_department"
  }
},
{
  "model": "auth.permission",
  "pk": 33,
  "fields": {
    "name": "Can add employee",
    "content_type": 9,
    "codename": "add_employee"
  }
},
{
  "model": "auth.permission",
  "pk": 34,
  "fields": {
    "name": "Can change employee",
    "content_type": 9,
    "codename": "change_employee"
  }
},
{
  "model": "auth.permission",
  "pk": 35,
  "fields": {
    "name": "Can delete employee",
    "content_type": 9,
    "codename": "delete_employee"
  }
},
{
  "model": "auth.permission",
  "pk": 36,
  "fields": {
    "name": "Can view employee",
    "content_type": 9,
    "codename": "view_employee"
  }
},
{
  "model": "auth.permission",
  "pk": 37,
  "fields": {
    "name": "Can add goal",
    "content_type": 10,
    "codename": "add_goal"
  }
},
{
  "model": "auth.permission",
  "pk": 38,
  "fields": {
    "name": "Can change goal",
    "content_type": 10,
    "codename": "change_goal"
  }
},
{
  "model": "auth.permission",
  "pk": 39,
  "fields": {
    "name": "Can delete goal",
    "content_type": 10,
    "codename": "delete_goal"
  }
},
{
  "model": "auth.permission",
  "pk": 40,
  "fields": {
    "name": "Can view goal",
    "content_type": 10,
    "codename": "view_goal"
  }
},
{
  "model": "auth.permission",
  "pk": 41,
  "fields": {
    "name": "Can add rfid connection",
    "content_type": 11,
    "codename": "add_rfidconnection"
  }
},
{
  "model": "auth.permission",
  "pk": 42,
  "fields": {
    "name": "Can change rfid connection",
    "content_type": 11,
    "codename": "change_rfidconnection"
  }
},
{
  "model": "auth.permission",
  "pk": 43,
  "fields": {
    "name": "Can delete rfid connection",
    "content_type": 11,
    "codename": "delete_rfidconnection"
  }
},
{
  "model": "auth.permission",
  "pk": 44,
  "fields": {
    "name": "Can view rfid connection",
    "content_type": 11,
    "codename": "view_rfidconnection"
  }
},
{
  "model": "auth.permission",
  "pk": 45,
  "fields": {
    "name": "Can add risk group",
    "content_type": 12,
    "codename": "add_riskgroup"
  }
},
{
  "model": "auth.permission",
  "pk": 46,
  "fields": {
    "name": "Can change risk group",
    "content_type": 12,
    "codename": "change_riskgroup"
  }
},
{
  "model": "auth.permission",
  "pk": 47,
  "fields": {
    "name": "Can delete risk group",
    "content_type": 12,
    "codename": "delete_riskgroup"
  }
},
{
  "model": "auth.permission",
  "pk": 48,
  "fields": {
    "name": "Can view risk group",
    "content_type": 12,
    "codename": "view_riskgroup"
  }
},
{
  "model": "auth.permission",
  "pk": 49,
  "fields": {
    "name": "Can add sanitizer station",
    "content_type": 13,
    "codename": "add_sanitizerstation"
  }
},
{
  "model": "auth.permission",
  "pk": 50,
  "fields": {
    "name": "Can change sanitizer station",
    "content_type": 13,
    "codename": "change_sanitizerstation"
  }
},
{
  "model": "auth.permission",
  "pk": 51,
  "fields": {
    "name": "Can delete sanitizer station",
    "content_type": 13,
    "codename": "delete_sanitizerstation"
  }
},
{
  "model": "auth.permission",
  "pk": 52,
  "fields": {
    "name": "Can view sanitizer station",
    "content_type": 13,
    "codename": "view_sanitizerstation"
  }
},
{
  "model": "auth.permission",
  "pk": 53,
  "fields": {
    "name": "Can add sick leave",
    "content_type": 14,
    "codename": "add_sickleave"
  }
},
{
  "model": "auth.permission",
  "pk": 54,
  "fields": {
    "name": "Can change sick leave",
    "content_type": 14,
    "codename": "change_sickleave"
  }
},
{
  "model": "auth.permission",
  "pk": 55,
  "fields": {
    "name": "Can delete sick leave",
    "content_type": 14,
    "codename": "delete_sickleave"
  }
},
{
  "model": "auth.permission",
  "pk": 56,
  "fields": {
    "name": "Can view sick leave",
    "content_type": 14,
    "codename": "view_sickleave"
  }
},
{
  "model": "sessions.session",
  "pk": "rm2lgf17oh0kj4brwrwzf8ll26kww330",
  "fields": {
    "session_data": ".eJxVjEsOAiEQBe_C2hAYoAGX7j0DaZpGRs2QzGdlvLtOMgvdvqp6L5FwW1vaFp7TWMRZaLDi9LtmpAdPOyp3nG5dUp_WecxyV-RBF3nthZ-Xw_07aLi0b60CmpCzclw9KeeMrsQ1RgJj0ALrygg-DujReoeKYPAlgyMuFBiieH8APIg42Q:1lFHjR:wiSukV8BlZ_gYd84Y3CWxoJC0g91O1j4eEdBdPmbtdA",
    "expire_date": "2021-03-11T14:35:09.292Z"
  }
},
{
  "model": "CC.rfidconnection",
  "pk": 24,
  "fields": {
    "uid": "7767",
    "sanitizer": 1574,
    "time_dispensed": "2021-02-25T15:35:25Z",
    "time_spent": 8,
    "volume_used": 2
  }
},
{
  "model": "CC.rfidconnection",
  "pk": 25,
  "fields": {
    "uid": "3867",
    "sanitizer": 1571,
    "time_dispensed": "2021-02-25T15:35:31Z",
    "time_spent": 2,
    "volume_used": 2
  }
},
{
  "model": "CC.rfidconnection",
  "pk": 26,
  "fields": {
    "uid": "7767",
    "sanitizer": 1576,
    "time_dispensed": "2021-02-25T15:35:23Z",
    "time_spent": 11,
    "volume_used": 2
  }
},
{
  "model": "CC.rfidconnection",
  "pk": 27,
  "fields": {
    "uid": "9404",
    "sanitizer": 1572,
    "time_dispensed": "2021-02-25T15:35:27Z",
    "time_spent": 19,
    "volume_used": 2
  }
},
{
  "model": "CC.rfidconnection",
  "pk": 28,
  "fields": {
    "uid": "5865",
    "sanitizer": 1572,
    "time_dispensed": "2021-02-25T15:35:29Z",
    "time_spent": 17,
    "volume_used": 2
  }
},
{
  "model": "CC.rfidconnection",
  "pk": 29,
  "fields": {
    "uid": "7115",
    "sanitizer": 1575,
    "time_dispensed": "2021-02-25T15:35:49Z",
    "time_spent": 2,
    "volume_used": 2
  }
},
{
  "model": "CC.rfidconnection",
  "pk": 30,
  "fields": {
    "uid": "5190",
    "sanitizer": 1570,
    "time_dispensed": "2021-02-25T15:35:49Z",
    "time_spent": 5,
    "volume_used": 2
  }
},
{
  "model": "CC.rfidconnection",
  "pk": 31,
  "fields": {
    "uid": "5482",
    "sanitizer": 1575,
    "time_dispensed": "2021-02-25T15:35:53Z",
    "time_spent": 4,
    "volume_used": 2
  }
},
{
  "model": "CC.rfidconnection",
  "pk": 32,
  "fields": {
    "uid": "4266",
    "sanitizer": 1576,
    "time_dispensed": "2021-02-25T15:35:49Z",
    "time_spent": 9,
    "volume_used": 2
  }
},
{
  "model": "CC.rfidconnection",
  "pk": 33,
  "fields": {
    "uid": "2504",
    "sanitizer": 1572,
    "time_dispensed": "2021-02-25T15:35:49Z",
    "time_spent": 9,
    "volume_used": 2
  }
},
{
  "model": "CC.rfidconnection",
  "pk": 34,
  "fields": {
    "uid": "5785",
    "sanitizer": 1574,
    "time_dispensed": "2021-02-25T15:35:49Z",
    "time_spent": 10,
    "volume_used": 2
  }
},
{
  "model": "CC.rfidconnection",
  "pk": 35,
  "fields": {
    "uid": "8335",
    "sanitizer": 1575,
    "time_dispensed": "2021-02-25T15:35:49Z",
    "time_spent": 16,
    "volume_used": 2
  }
},
{
  "model": "CC.rfidconnection",
  "pk": 36,
  "fields": {
    "uid": "6057",
    "sanitizer": 1571,
    "time_dispensed": "2021-02-25T15:35:51Z",
    "time_spent": 14,
    "volume_used": 2
  }
},
{
  "model": "CC.rfidconnection",
  "pk": 37,
  "fields": {
    "uid": "6289",
    "sanitizer": 1571,
    "time_dispensed": "2021-02-25T15:35:49Z",
    "time_spent": 18,
    "volume_used": 2
  }
},
{
  "model": "CC.rfidconnection",
  "pk": 38,
  "fields": {
    "uid": "7611",
    "sanitizer": 1571,
    "time_dispensed": "2021-02-25T15:36:54Z",
    "time_spent": 4,
    "volume_used": 2
  }
},
{
  "model": "CC.rfidconnection",
  "pk": 39,
  "fields": {
    "uid": "5002",
    "sanitizer": 1573,
    "time_dispensed": "2021-02-25T15:36:54Z",
    "time_spent": 5,
    "volume_used": 2
  }
},
{
  "model": "CC.rfidconnection",
  "pk": 40,
  "fields": {
    "uid": "5002",
    "sanitizer": 1576,
    "time_dispensed": "2021-02-25T15:36:54Z",
    "time_spent": 5,
    "volume_used": 2
  }
},
{
  "model": "CC.rfidconnection",
  "pk": 41,
  "fields": {
    "uid": "4907",
    "sanitizer": 1574,
    "time_dispensed": "2021-02-25T15:36:54Z",
    "time_spent": 8,
    "volume_used": 2
  }
},
{
  "model": "CC.rfidconnection",
  "pk": 42,
  "fields": {
    "uid": "1305",
    "sanitizer": 1570,
    "time_dispensed": "2021-02-25T15:36:58Z",
    "time_spent": 6,
    "volume_used": 2
  }
},
{
  "model": "CC.rfidconnection",
  "pk": 43,
  "fields": {
    "uid": "7219",
    "sanitizer": 1570,
    "time_dispensed": "2021-02-25T15:37:00Z",
    "time_spent": 6,
    "volume_used": 2
  }
},
{
  "model": "CC.rfidconnection",
  "pk": 44,
  "fields": {
    "uid": "6351",
    "sanitizer": 1573,
    "time_dispensed": "2021-02-25T15:36:54Z",
    "time_spent": 13,
    "volume_used": 2
  }
},
{
  "model": "CC.rfidconnection",
  "pk": 45,
  "fields": {
    "uid": "1305",
    "sanitizer": 1576,
    "time_dispensed": "2021-02-25T15:36:54Z",
    "time_spent": 13,
    "volume_used": 2
  }
},
{
  "model": "CC.rfidconnection",
  "pk": 46,
  "fields": {
    "uid": "7418",
    "sanitizer": 1571,
    "time_dispensed": "2021-02-25T15:36:56Z",
    "time_spent": 14,
    "volume_used": 2
  }
},
{
  "model": "CC.rfidconnection",
  "pk": 47,
  "fields": {
    "uid": "7089",
    "sanitizer": 1575,
    "time_dispensed": "2021-02-25T15:37:50Z",
    "time_spent": 13,
    "volume_used": 2
  }
},
{
  "model": "CC.achievement",
  "pk": 22,
  "fields": {
    "employee": 383,
    "department": null,
    "name": null,
    "value": 1,
    "created_at": "2021-02-25T14:35:33Z",
    "updated_at": "2021-02-25T14:35:33Z"
  }
},
{
  "model": "CC.achievement",
  "pk": 23,
  "fields": {
    "employee": 340,
    "department": null,
    "name": null,
    "value": 1,
    "created_at": "2021-02-25T14:35:33Z",
    "updated_at": "2021-02-25T14:35:33Z"
  }
},
{
  "model": "CC.achievement",
  "pk": 24,
  "fields": {
    "employee": 395,
    "department": null,
    "name": null,
    "value": 1,
    "created_at": "2021-02-25T14:35:46Z",
    "updated_at": "2021-02-25T14:35:46Z"
  }
},
{
  "model": "CC.achievement",
  "pk": 25,
  "fields": {
    "employee": 361,
    "department": null,
    "name": null,
    "value": 1,
    "created_at": "2021-02-25T14:35:46Z",
    "updated_at": "2021-02-25T14:35:46Z"
  }
},
{
  "model": "CC.achievement",
  "pk": 26,
  "fields": {
    "employee": 373,
    "department": null,
    "name": null,
    "value": 1,
    "created_at": "2021-02-25T14:35:51Z",
    "updated_at": "2021-02-25T14:35:51Z"
  }
},
{
  "model": "CC.achievement",
  "pk": 27,
  "fields": {
    "employee": 354,
    "department": null,
    "name": null,
    "value": 1,
    "created_at": "2021-02-25T14:35:54Z",
    "updated_at": "2021-02-25T14:35:54Z"
  }
},
{
  "model": "CC.achievement",
  "pk": 28,
  "fields": {
    "employee": 358,
    "department": null,
    "name": null,
    "value": 1,
    "created_at": "2021-02-25T14:35:57Z",
    "updated_at": "2021-02-25T14:35:57Z"
  }
},
{
  "model": "CC.achievement",
  "pk": 29,
  "fields": {
    "employee": 345,
    "department": null,
    "name": null,
    "value": 1,
    "created_at": "2021-02-25T14:35:58Z",
    "updated_at": "2021-02-25T14:35:58Z"
  }
},
{
  "model": "CC.achievement",
  "pk": 30,
  "fields": {
    "employee": 331,
    "department": null,
    "name": null,
    "value": 1,
    "created_at": "2021-02-25T14:35:58Z",
    "updated_at": "2021-02-25T14:35:58Z"
  }
},
{
  "model": "CC.achievement",
  "pk": 31,
  "fields": {
    "employee": 360,
    "department": null,
    "name": null,
    "value": 1,
    "created_at": "2021-02-25T14:35:59Z",
    "updated_at": "2021-02-25T14:35:59Z"
  }
},
{
  "model": "CC.achievement",
  "pk": 32,
  "fields": {
    "employee": 386,
    "department": null,
    "name": null,
    "value": 1,
    "created_at": "2021-02-25T14:36:05Z",
    "updated_at": "2021-02-25T14:36:05Z"
  }
},
{
  "model": "CC.achievement",
  "pk": 33,
  "fields": {
    "employee": 363,
    "department": null,
    "name": null,
    "value": 1,
    "created_at": "2021-02-25T14:36:05Z",
    "updated_at": "2021-02-25T14:36:05Z"
  }
},
{
  "model": "CC.achievement",
  "pk": 34,
  "fields": {
    "employee": 366,
    "department": null,
    "name": null,
    "value": 1,
    "created_at": "2021-02-25T14:36:07Z",
    "updated_at": "2021-02-25T14:36:07Z"
  }
},
{
  "model": "CC.achievement",
  "pk": 35,
  "fields": {
    "employee": 381,
    "department": null,
    "name": null,
    "value": 1,
    "created_at": "2021-02-25T14:36:59Z",
    "updated_at": "2021-02-25T14:36:59Z"
  }
},
{
  "model": "CC.achievement",
  "pk": 36,
  "fields": {
    "employee": 352,
    "department": null,
    "name": null,
    "value": 1,
    "created_at": "2021-02-25T14:37:00Z",
    "updated_at": "2021-02-25T14:37:00Z"
  }
},
{
  "model": "CC.achievement",
  "pk": 37,
  "fields": {
    "employee": 352,
    "department": null,
    "name": null,
    "value": 1,
    "created_at": "2021-02-25T14:37:00Z",
    "updated_at": "2021-02-25T14:37:00Z"
  }
},
{
  "model": "CC.achievement",
  "pk": 38,
  "fields": {
    "employee": 349,
    "department": null,
    "name": null,
    "value": 1,
    "created_at": "2021-02-25T14:37:03Z",
    "updated_at": "2021-02-25T14:37:03Z"
  }
},
{
  "model": "CC.achievement",
  "pk": 39,
  "fields": {
    "employee": 325,
    "department": null,
    "name": null,
    "value": 1,
    "created_at": "2021-02-25T14:37:04Z",
    "updated_at": "2021-02-25T14:37:04Z"
  }
},
{
  "model": "CC.achievement",
  "pk": 40,
  "fields": {
    "employee": 375,
    "department": null,
    "name": null,
    "value": 1,
    "created_at": "2021-02-25T14:37:06Z",
    "updated_at": "2021-02-25T14:37:06Z"
  }
},
{
  "model": "CC.achievement",
  "pk": 41,
  "fields": {
    "employee": 367,
    "department": null,
    "name": null,
    "value": 1,
    "created_at": "2021-02-25T14:37:08Z",
    "updated_at": "2021-02-25T14:37:08Z"
  }
},
{
  "model": "CC.achievement",
  "pk": 42,
  "fields": {
    "employee": 380,
    "department": null,
    "name": null,
    "value": 1,
    "created_at": "2021-02-25T14:37:10Z",
    "updated_at": "2021-02-25T14:37:10Z"
  }
},
{
  "model": "CC.achievement",
  "pk": 43,
  "fields": {
    "employee": 372,
    "department": null,
    "name": null,
    "value": 1,
    "created_at": "2021-02-25T14:38:03Z",
    "updated_at": "2021-02-25T14:38:03Z"
  }
},
{
  "model": "CC.department",
  "pk": 21,
  "fields": {
    "name": "Radiotherapy",
    "goal": 9,
    "location": "Floor 1",
    "created_at": "2021-02-25T14:34:00Z",
    "updated_at": "2021-02-25T14:34:00Z"
  }
},
{
  "model": "CC.department",
  "pk": 22,
  "fields": {
    "name": "ICU",
    "goal": 9,
    "location": "Ground floor",
    "created_at": "2021-02-25T14:34:00Z",
    "updated_at": "2021-02-25T14:34:00Z"
  }
},
{
  "model": "CC.department",
  "pk": 23,
  "fields": {
    "name": "Cardiology",
    "goal": 9,
    "location": "Floor 2",
    "created_at": "2021-02-25T14:34:00Z",
    "updated_at": "2021-02-25T14:34:00Z"
  }
},
{
  "model": "CC.department",
  "pk": 24,
  "fields": {
    "name": "A&E",
    "goal": 9,
    "location": "Ground floor",
    "created_at": "2021-02-25T14:34:00Z",
    "updated_at": "2021-02-25T14:34:00Z"
  }
},
{
  "model": "CC.department",
  "pk": 25,
  "fields": {
    "name": "Pharmacy",
    "goal": 9,
    "location": "Floor 1",
    "created_at": "2021-02-25T14:34:00Z",
    "updated_at": "2021-02-25T14:34:00Z"
  }
},
{
  "model": "CC.employee",
  "pk": 321,
  "fields": {
    "uid": "1132",
    "first_name": "Aaron",
    "last_name": "Jones",
    "email": "Aaron.Jones@example.com",
    "department": 25,
    "risk_group": 25,
    "sick_day_id": null,
    "sick_days_left": null,
    "created_at": "2021-02-25T14:34:00Z",
    "updated_at": "2021-02-25T14:37:50Z"
  }
},
{
  "model": "CC.employee",
  "pk": 322,
  "fields": {
    "uid": "1135",
    "first_name": "Adam",
    "last_name": "Smith",
    "email": "Adam.Smith@example.com",
    "department": 25,
    "risk_group": 25,
    "sick_day_id": null,
    "sick_days_left": null,
    "created_at": "2021-02-25T14:34:00Z",
    "updated_at": "2021-02-25T14:37:50Z"
  }
},
{
  "model": "CC.employee",
  "pk": 323,
  "fields": {
    "uid": "1250",
    "first_name": "Jamie",
    "last_name": "Bloggs",
    "email": "Jamie.Bloggs@example.com",
    "department": 25,
    "risk_group": 25,
    "sick_day_id": null,
    "sick_days_left": null,
    "created_at": "2021-02-25T14:34:00Z",
    "updated_at": "2021-02-25T14:37:50Z"
  }
},
{
  "model": "CC.employee",
  "pk": 324,
  "fields": {
    "uid": "1257",
    "first_name": "Jade",
    "last_name": "Dias",
    "email": "Jade.Dias@example.com",
    "department": 21,
    "risk_group": 25,
    "sick_day_id": null,
    "sick_days_left": null,
    "created_at": "2021-02-25T14:34:00Z",
    "updated_at": "2021-02-25T14:37:50Z"
  }
},
{
  "model": "CC.employee",
  "pk": 325,
  "fields": {
    "uid": "1305",
    "first_name": "Jimmy",
    "last_name": "Markle",
    "email": "Jimmy.Markle@example.com",
    "department": 23,
    "risk_group": 25,
    "sick_day_id": null,
    "sick_days_left": null,
    "created_at": "2021-02-25T14:34:00Z",
    "updated_at": "2021-02-25T14:37:50Z"
  }
},
{
  "model": "CC.employee",
  "pk": 326,
  "fields": {
    "uid": "1444",
    "first_name": "Robert",
    "last_name": "Doe",
    "email": "Robert.Doe@example.com",
    "department": 21,
    "risk_group": 25,
    "sick_day_id": null,
    "sick_days_left": null,
    "created_at": "2021-02-25T14:34:00Z",
    "updated_at": "2021-02-25T14:37:50Z"
  }
},
{
  "model": "CC.employee",
  "pk": 327,
  "fields": {
    "uid": "1733",
    "first_name": "Luke",
    "last_name": "Smith",
    "email": "Luke.Smith@example.com",
    "department": 23,
    "risk_group": 25,
    "sick_day_id": null,
    "sick_days_left": null,
    "created_at": "2021-02-25T14:34:00Z",
    "updated_at": "2021-02-25T14:37:50Z"
  }
},
{
  "model": "CC.employee",
  "pk": 328,
  "fields": {
    "uid": "1740",
    "first_name": "Arif",
    "last_name": "Plisskin",
    "email": "Arif.Plisskin@example.com",
    "department": 25,
    "risk_group": 25,
    "sick_day_id": null,
    "sick_days_left": null,
    "created_at": "2021-02-25T14:34:00Z",
    "updated_at": "2021-02-25T14:37:50Z"
  }
},
{
  "model": "CC.employee",
  "pk": 329,
  "fields": {
    "uid": "2117",
    "first_name": "Micheal",
    "last_name": "Strife",
    "email": "Micheal.Strife@example.com",
    "department": 24,
    "risk_group": 25,
    "sick_day_id": null,
    "sick_days_left": null,
    "created_at": "2021-02-25T14:34:00Z",
    "updated_at": "2021-02-25T14:37:50Z"
  }
},
{
  "model": "CC.employee",
  "pk": 330,
  "fields": {
    "uid": "2405",
    "first_name": "Bob",
    "last_name": "Leonheart",
    "email": "Bob.Leonheart@example.com",
    "department": 25,
    "risk_group": 25,
    "sick_day_id": null,
    "sick_days_left": null,
    "created_at": "2021-02-25T14:34:00Z",
    "updated_at": "2021-02-25T14:37:50Z"
  }
},
{
  "model": "CC.employee",
  "pk": 331,
  "fields": {
    "uid": "2504",
    "first_name": "James",
    "last_name": "Tribal",
    "email": "James.Tribal@example.com",
    "department": 23,
    "risk_group": 25,
    "sick_day_id": null,
    "sick_days_left": null,
    "created_at": "2021-02-25T14:34:00Z",
    "updated_at": "2021-02-25T14:37:50Z"
  }
},
{
  "model": "CC.employee",
  "pk": 332,
  "fields": {
    "uid": "2553",
    "first_name": "Al",
    "last_name": "Gainsbourough",
    "email": "Al.Gainsbourough@example.com",
    "department": 24,
    "risk_group": 25,
    "sick_day_id": null,
    "sick_days_left": null,
    "created_at": "2021-02-25T14:34:00Z",
    "updated_at": "2021-02-25T14:37:50Z"
  }
},
{
  "model": "CC.employee",
  "pk": 333,
  "fields": {
    "uid": "2578",
    "first_name": "Alex",
    "last_name": "Lockheart",
    "email": "Alex.Lockheart@example.com",
    "department": 24,
    "risk_group": 25,
    "sick_day_id": null,
    "sick_days_left": null,
    "created_at": "2021-02-25T14:34:00Z",
    "updated_at": "2021-02-25T14:37:50Z"
  }
},
{
  "model": "CC.employee",
  "pk": 334,
  "fields": {
    "uid": "2893",
    "first_name": "Charlie",
    "last_name": "Kopparberd",
    "email": "Charlie.Kopparberd@example.com",
    "department": 25,
    "risk_group": 25,
    "sick_day_id": null,
    "sick_days_left": null,
    "created_at": "2021-02-25T14:34:00Z",
    "updated_at": "2021-02-25T14:37:50Z"
  }
},
{
  "model": "CC.employee",
  "pk": 335,
  "fields": {
    "uid": "3024",
    "first_name": "Knut",
    "last_name": "McDonald",
    "email": "Knut.McDonald@example.com",
    "department": 21,
    "risk_group": 25,
    "sick_day_id": null,
    "sick_days_left": null,
    "created_at": "2021-02-25T14:34:00Z",
    "updated_at": "2021-02-25T14:37:50Z"
  }
},
{
  "model": "CC.employee",
  "pk": 336,
  "fields": {
    "uid": "3099",
    "first_name": "Andrei",
    "last_name": "Tennant",
    "email": "Andrei.Tennant@example.com",
    "department": 22,
    "risk_group": 25,
    "sick_day_id": null,
    "sick_days_left": null,
    "created_at": "2021-02-25T14:34:00Z",
    "updated_at": "2021-02-25T14:37:50Z"
  }
},
{
  "model": "CC.employee",
  "pk": 337,
  "fields": {
    "uid": "3378",
    "first_name": "Hazim",
    "last_name": "Jones",
    "email": "Hazim.Jones@example.com",
    "department": 21,
    "risk_group": 25,
    "sick_day_id": null,
    "sick_days_left": null,
    "created_at": "2021-02-25T14:34:00Z",
    "updated_at": "2021-02-25T14:37:50Z"
  }
},
{
  "model": "CC.employee",
  "pk": 338,
  "fields": {
    "uid": "3576",
    "first_name": "Sam",
    "last_name": "Cloggs",
    "email": "Sam.Cloggs@example.com",
    "department": 25,
    "risk_group": 25,
    "sick_day_id": null,
    "sick_days_left": null,
    "created_at": "2021-02-25T14:34:00Z",
    "updated_at": "2021-02-25T14:37:50Z"
  }
},
{
  "model": "CC.employee",
  "pk": 339,
  "fields": {
    "uid": "3861",
    "first_name": "Megan",
    "last_name": "Fring",
    "email": "Megan.Fring@example.com",
    "department": 25,
    "risk_group": 27,
    "sick_day_id": null,
    "sick_days_left": null,
    "created_at": "2021-02-25T14:34:00Z",
    "updated_at": "2021-02-25T14:37:50Z"
  }
},
{
  "model": "CC.employee",
  "pk": 340,
  "fields": {
    "uid": "3867",
    "first_name": "Julie",
    "last_name": "Smith",
    "email": "Julie.Smith@example.com",
    "department": 24,
    "risk_group": 27,
    "sick_day_id": null,
    "sick_days_left": null,
    "created_at": "2021-02-25T14:34:00Z",
    "updated_at": "2021-02-25T14:37:50Z"
  }
},
{
  "model": "CC.employee",
  "pk": 341,
  "fields": {
    "uid": "4011",
    "first_name": "Jiminy",
    "last_name": "Dursley",
    "email": "Jiminy.Dursley@example.com",
    "department": 21,
    "risk_group": 27,
    "sick_day_id": null,
    "sick_days_left": null,
    "created_at": "2021-02-25T14:34:00Z",
    "updated_at": "2021-02-25T14:37:50Z"
  }
},
{
  "model": "CC.employee",
  "pk": 342,
  "fields": {
    "uid": "4100",
    "first_name": "Joseph",
    "last_name": "Potter",
    "email": "Joseph.Potter@example.com",
    "department": 25,
    "risk_group": 27,
    "sick_day_id": null,
    "sick_days_left": null,
    "created_at": "2021-02-25T14:34:00Z",
    "updated_at": "2021-02-25T14:37:50Z"
  }
},
{
  "model": "CC.employee",
  "pk": 343,
  "fields": {
    "uid": "4184",
    "first_name": "Leo",
    "last_name": "Trotter",
    "email": "Leo.Trotter@example.com",
    "department": 23,
    "risk_group": 27,
    "sick_day_id": null,
    "sick_days_left": null,
    "created_at": "2021-02-25T14:34:00Z",
    "updated_at": "2021-02-25T14:37:50Z"
  }
},
{
  "model": "CC.employee",
  "pk": 344,
  "fields": {
    "uid": "4221",
    "first_name": "Christopher",
    "last_name": "Pennyworth",
    "email": "Christopher.Pennyworth@example.com",
    "department": 22,
    "risk_group": 27,
    "sick_day_id": null,
    "sick_days_left": null,
    "created_at": "2021-02-25T14:34:00Z",
    "updated_at": "2021-02-25T14:37:50Z"
  }
},
{
  "model": "CC.employee",
  "pk": 345,
  "fields": {
    "uid": "4266",
    "first_name": "Samuel",
    "last_name": "Preda",
    "email": "Samuel.Preda@example.com",
    "department": 25,
    "risk_group": 27,
    "sick_day_id": null,
    "sick_days_left": null,
    "created_at": "2021-02-25T14:34:00Z",
    "updated_at": "2021-02-25T14:37:50Z"
  }
},
{
  "model": "CC.employee",
  "pk": 346,
  "fields": {
    "uid": "4600",
    "first_name": "Vernon",
    "last_name": "Sceats",
    "email": "Vernon.Sceats@example.com",
    "department": 22,
    "risk_group": 27,
    "sick_day_id": null,
    "sick_days_left": null,
    "created_at": "2021-02-25T14:34:00Z",
    "updated_at": "2021-02-25T14:37:50Z"
  }
},
{
  "model": "CC.employee",
  "pk": 347,
  "fields": {
    "uid": "4872",
    "first_name": "Nigel",
    "last_name": "Smeets",
    "email": "Nigel.Smeets@example.com",
    "department": 22,
    "risk_group": 27,
    "sick_day_id": null,
    "sick_days_left": null,
    "created_at": "2021-02-25T14:34:00Z",
    "updated_at": "2021-02-25T14:37:50Z"
  }
},
{
  "model": "CC.employee",
  "pk": 348,
  "fields": {
    "uid": "4902",
    "first_name": "Harry",
    "last_name": "Bown",
    "email": "Harry.Bown@example.com",
    "department": 21,
    "risk_group": 27,
    "sick_day_id": null,
    "sick_days_left": null,
    "created_at": "2021-02-25T14:34:00Z",
    "updated_at": "2021-02-25T14:37:50Z"
  }
},
{
  "model": "CC.employee",
  "pk": 349,
  "fields": {
    "uid": "4907",
    "first_name": "Undyne",
    "last_name": "Brown",
    "email": "Undyne.Brown@example.com",
    "department": 24,
    "risk_group": 27,
    "sick_day_id": null,
    "sick_days_left": null,
    "created_at": "2021-02-25T14:34:00Z",
    "updated_at": "2021-02-25T14:37:50Z"
  }
},
{
  "model": "CC.employee",
  "pk": 350,
  "fields": {
    "uid": "4918",
    "first_name": "Wendy",
    "last_name": "Urban",
    "email": "Wendy.Urban@example.com",
    "department": 22,
    "risk_group": 27,
    "sick_day_id": null,
    "sick_days_left": null,
    "created_at": "2021-02-25T14:34:00Z",
    "updated_at": "2021-02-25T14:37:50Z"
  }
},
{
  "model": "CC.employee",
  "pk": 351,
  "fields": {
    "uid": "4971",
    "first_name": "Patrick",
    "last_name": "Dross",
    "email": "Patrick.Dross@example.com",
    "department": 25,
    "risk_group": 27,
    "sick_day_id": null,
    "sick_days_left": null,
    "created_at": "2021-02-25T14:34:00Z",
    "updated_at": "2021-02-25T14:37:50Z"
  }
},
{
  "model": "CC.employee",
  "pk": 352,
  "fields": {
    "uid": "5002",
    "first_name": "Barry",
    "last_name": "Boss",
    "email": "Barry.Boss@example.com",
    "department": 25,
    "risk_group": 27,
    "sick_day_id": null,
    "sick_days_left": null,
    "created_at": "2021-02-25T14:34:00Z",
    "updated_at": "2021-02-25T14:37:50Z"
  }
},
{
  "model": "CC.employee",
  "pk": 353,
  "fields": {
    "uid": "5059",
    "first_name": "Frank",
    "last_name": "Loss",
    "email": "Frank.Loss@example.com",
    "department": 24,
    "risk_group": 27,
    "sick_day_id": null,
    "sick_days_left": null,
    "created_at": "2021-02-25T14:34:00Z",
    "updated_at": "2021-02-25T14:37:50Z"
  }
},
{
  "model": "CC.employee",
  "pk": 354,
  "fields": {
    "uid": "5190",
    "first_name": "Dave",
    "last_name": "Rowe",
    "email": "Dave.Rowe@example.com",
    "department": 22,
    "risk_group": 27,
    "sick_day_id": null,
    "sick_days_left": null,
    "created_at": "2021-02-25T14:34:00Z",
    "updated_at": "2021-02-25T14:37:50Z"
  }
},
{
  "model": "CC.employee",
  "pk": 355,
  "fields": {
    "uid": "5204",
    "first_name": "Jack",
    "last_name": "Applegate",
    "email": "Jack.Applegate@example.com",
    "department": 25,
    "risk_group": 27,
    "sick_day_id": null,
    "sick_days_left": null,
    "created_at": "2021-02-25T14:34:00Z",
    "updated_at": "2021-02-25T14:37:50Z"
  }
},
{
  "model": "CC.employee",
  "pk": 356,
  "fields": {
    "uid": "5205",
    "first_name": "Zelda",
    "last_name": "Binar",
    "email": "Zelda.Binar@example.com",
    "department": 21,
    "risk_group": 27,
    "sick_day_id": null,
    "sick_days_left": null,
    "created_at": "2021-02-25T14:34:00Z",
    "updated_at": "2021-02-25T14:37:50Z"
  }
},
{
  "model": "CC.employee",
  "pk": 357,
  "fields": {
    "uid": "5440",
    "first_name": "Patricia",
    "last_name": "Hexa",
    "email": "Patricia.Hexa@example.com",
    "department": 21,
    "risk_group": 27,
    "sick_day_id": null,
    "sick_days_left": null,
    "created_at": "2021-02-25T14:34:00Z",
    "updated_at": "2021-02-25T14:37:50Z"
  }
},
{
  "model": "CC.employee",
  "pk": 358,
  "fields": {
    "uid": "5482",
    "first_name": "Freddie",
    "last_name": "See",
    "email": "Freddie.See@example.com",
    "department": 25,
    "risk_group": 27,
    "sick_day_id": null,
    "sick_days_left": null,
    "created_at": "2021-02-25T14:34:00Z",
    "updated_at": "2021-02-25T14:37:50Z"
  }
},
{
  "model": "CC.employee",
  "pk": 359,
  "fields": {
    "uid": "5536",
    "first_name": "Jemery",
    "last_name": "Seeplusplus",
    "email": "Jemery.Seeplusplus@example.com",
    "department": 21,
    "risk_group": 27,
    "sick_day_id": null,
    "sick_days_left": null,
    "created_at": "2021-02-25T14:34:00Z",
    "updated_at": "2021-02-25T14:37:50Z"
  }
},
{
  "model": "CC.employee",
  "pk": 360,
  "fields": {
    "uid": "5785",
    "first_name": "Mike",
    "last_name": "Seesharp",
    "email": "Mike.Seesharp@example.com",
    "department": 24,
    "risk_group": 27,
    "sick_day_id": null,
    "sick_days_left": null,
    "created_at": "2021-02-25T14:34:00Z",
    "updated_at": "2021-02-25T14:37:50Z"
  }
},
{
  "model": "CC.employee",
  "pk": 361,
  "fields": {
    "uid": "5865",
    "first_name": "Pheobe",
    "last_name": "Pie",
    "email": "Pheobe.Pie@example.com",
    "department": 25,
    "risk_group": 27,
    "sick_day_id": null,
    "sick_days_left": null,
    "created_at": "2021-02-25T14:34:00Z",
    "updated_at": "2021-02-25T14:37:50Z"
  }
},
{
  "model": "CC.employee",
  "pk": 362,
  "fields": {
    "uid": "6020",
    "first_name": "Rachel",
    "last_name": "Thon",
    "email": "Rachel.Thon@example.com",
    "department": 22,
    "risk_group": 27,
    "sick_day_id": null,
    "sick_days_left": null,
    "created_at": "2021-02-25T14:34:00Z",
    "updated_at": "2021-02-25T14:37:50Z"
  }
},
{
  "model": "CC.employee",
  "pk": 363,
  "fields": {
    "uid": "6057",
    "first_name": "Monica",
    "last_name": "Ruby",
    "email": "Monica.Ruby@example.com",
    "department": 22,
    "risk_group": 27,
    "sick_day_id": null,
    "sick_days_left": null,
    "created_at": "2021-02-25T14:34:00Z",
    "updated_at": "2021-02-25T14:37:50Z"
  }
},
{
  "model": "CC.employee",
  "pk": 364,
  "fields": {
    "uid": "6143",
    "first_name": "Ross",
    "last_name": "Jahva",
    "email": "Ross.Jahva@example.com",
    "department": 25,
    "risk_group": 27,
    "sick_day_id": null,
    "sick_days_left": null,
    "created_at": "2021-02-25T14:34:00Z",
    "updated_at": "2021-02-25T14:37:50Z"
  }
},
{
  "model": "CC.employee",
  "pk": 365,
  "fields": {
    "uid": "6209",
    "first_name": "Joey",
    "last_name": "Stark",
    "email": "Joey.Stark@example.com",
    "department": 24,
    "risk_group": 27,
    "sick_day_id": null,
    "sick_days_left": null,
    "created_at": "2021-02-25T14:34:00Z",
    "updated_at": "2021-02-25T14:37:50Z"
  }
},
{
  "model": "CC.employee",
  "pk": 366,
  "fields": {
    "uid": "6289",
    "first_name": "Chandler",
    "last_name": "Rogers",
    "email": "Chandler.Rogers@example.com",
    "department": 23,
    "risk_group": 27,
    "sick_day_id": null,
    "sick_days_left": null,
    "created_at": "2021-02-25T14:34:00Z",
    "updated_at": "2021-02-25T14:37:50Z"
  }
},
{
  "model": "CC.employee",
  "pk": 367,
  "fields": {
    "uid": "6351",
    "first_name": "Clark",
    "last_name": "Wayne",
    "email": "Clark.Wayne@example.com",
    "department": 24,
    "risk_group": 27,
    "sick_day_id": null,
    "sick_days_left": null,
    "created_at": "2021-02-25T14:34:00Z",
    "updated_at": "2021-02-25T14:37:50Z"
  }
},
{
  "model": "CC.employee",
  "pk": 368,
  "fields": {
    "uid": "6553",
    "first_name": "Harley",
    "last_name": "Kent",
    "email": "Harley.Kent@example.com",
    "department": 21,
    "risk_group": 27,
    "sick_day_id": null,
    "sick_days_left": null,
    "created_at": "2021-02-25T14:34:00Z",
    "updated_at": "2021-02-25T14:37:50Z"
  }
},
{
  "model": "CC.employee",
  "pk": 369,
  "fields": {
    "uid": "6711",
    "first_name": "Selina",
    "last_name": "Wilson",
    "email": "Selina.Wilson@example.com",
    "department": 21,
    "risk_group": 27,
    "sick_day_id": null,
    "sick_days_left": null,
    "created_at": "2021-02-25T14:34:00Z",
    "updated_at": "2021-02-25T14:37:50Z"
  }
},
{
  "model": "CC.employee",
  "pk": 370,
  "fields": {
    "uid": "6996",
    "first_name": "Miguel",
    "last_name": "Quinn",
    "email": "Miguel.Quinn@example.com",
    "department": 22,
    "risk_group": 26,
    "sick_day_id": null,
    "sick_days_left": null,
    "created_at": "2021-02-25T14:34:00Z",
    "updated_at": "2021-02-25T14:37:50Z"
  }
},
{
  "model": "CC.employee",
  "pk": 371,
  "fields": {
    "uid": "7048",
    "first_name": "Tulio",
    "last_name": "Kyle",
    "email": "Tulio.Kyle@example.com",
    "department": 25,
    "risk_group": 26,
    "sick_day_id": null,
    "sick_days_left": null,
    "created_at": "2021-02-25T14:34:00Z",
    "updated_at": "2021-02-25T14:37:50Z"
  }
},
{
  "model": "CC.employee",
  "pk": 372,
  "fields": {
    "uid": "7089",
    "first_name": "Danny",
    "last_name": "Johnson",
    "email": "Danny.Johnson@example.com",
    "department": 21,
    "risk_group": 26,
    "sick_day_id": null,
    "sick_days_left": null,
    "created_at": "2021-02-25T14:34:00Z",
    "updated_at": "2021-02-25T14:37:50Z"
  }
},
{
  "model": "CC.employee",
  "pk": 373,
  "fields": {
    "uid": "7115",
    "first_name": "Kevin",
    "last_name": "Luceum",
    "email": "Kevin.Luceum@example.com",
    "department": 24,
    "risk_group": 26,
    "sick_day_id": null,
    "sick_days_left": null,
    "created_at": "2021-02-25T14:34:00Z",
    "updated_at": "2021-02-25T14:37:50Z"
  }
},
{
  "model": "CC.employee",
  "pk": 374,
  "fields": {
    "uid": "7131",
    "first_name": "Mario",
    "last_name": "Cole",
    "email": "Mario.Cole@example.com",
    "department": 21,
    "risk_group": 26,
    "sick_day_id": null,
    "sick_days_left": null,
    "created_at": "2021-02-25T14:34:00Z",
    "updated_at": "2021-02-25T14:37:50Z"
  }
},
{
  "model": "CC.employee",
  "pk": 375,
  "fields": {
    "uid": "7219",
    "first_name": "Peach",
    "last_name": "Smith",
    "email": "Peach.Smith@example.com",
    "department": 23,
    "risk_group": 26,
    "sick_day_id": null,
    "sick_days_left": null,
    "created_at": "2021-02-25T14:34:00Z",
    "updated_at": "2021-02-25T14:37:50Z"
  }
},
{
  "model": "CC.employee",
  "pk": 376,
  "fields": {
    "uid": "7280",
    "first_name": "Luigi",
    "last_name": "Kite",
    "email": "Luigi.Kite@example.com",
    "department": 25,
    "risk_group": 26,
    "sick_day_id": null,
    "sick_days_left": null,
    "created_at": "2021-02-25T14:34:00Z",
    "updated_at": "2021-02-25T14:37:50Z"
  }
},
{
  "model": "CC.employee",
  "pk": 377,
  "fields": {
    "uid": "7335",
    "first_name": "Doug",
    "last_name": "Kuczmejno",
    "email": "Doug.Kuczmejno@example.com",
    "department": 22,
    "risk_group": 26,
    "sick_day_id": null,
    "sick_days_left": null,
    "created_at": "2021-02-25T14:34:00Z",
    "updated_at": "2021-02-25T14:37:50Z"
  }
},
{
  "model": "CC.employee",
  "pk": 378,
  "fields": {
    "uid": "7342",
    "first_name": "Cloud",
    "last_name": "Hyman",
    "email": "Cloud.Hyman@example.com",
    "department": 22,
    "risk_group": 26,
    "sick_day_id": null,
    "sick_days_left": null,
    "created_at": "2021-02-25T14:34:00Z",
    "updated_at": "2021-02-25T14:37:50Z"
  }
},
{
  "model": "CC.employee",
  "pk": 379,
  "fields": {
    "uid": "7351",
    "first_name": "Leon",
    "last_name": "Jacobs",
    "email": "Leon.Jacobs@example.com",
    "department": 23,
    "risk_group": 26,
    "sick_day_id": null,
    "sick_days_left": null,
    "created_at": "2021-02-25T14:34:00Z",
    "updated_at": "2021-02-25T14:37:50Z"
  }
},
{
  "model": "CC.employee",
  "pk": 380,
  "fields": {
    "uid": "7418",
    "first_name": "Squal",
    "last_name": "Daniels",
    "email": "Squal.Daniels@example.com",
    "department": 21,
    "risk_group": 26,
    "sick_day_id": null,
    "sick_days_left": null,
    "created_at": "2021-02-25T14:34:00Z",
    "updated_at": "2021-02-25T14:37:50Z"
  }
},
{
  "model": "CC.employee",
  "pk": 381,
  "fields": {
    "uid": "7611",
    "first_name": "Zidane",
    "last_name": "Sorenson",
    "email": "Zidane.Sorenson@example.com",
    "department": 21,
    "risk_group": 26,
    "sick_day_id": null,
    "sick_days_left": null,
    "created_at": "2021-02-25T14:34:00Z",
    "updated_at": "2021-02-25T14:37:50Z"
  }
},
{
  "model": "CC.employee",
  "pk": 382,
  "fields": {
    "uid": "7694",
    "first_name": "Sora",
    "last_name": "Potter",
    "email": "Sora.Potter@example.com",
    "department": 21,
    "risk_group": 26,
    "sick_day_id": null,
    "sick_days_left": null,
    "created_at": "2021-02-25T14:34:00Z",
    "updated_at": "2021-02-25T14:37:50Z"
  }
},
{
  "model": "CC.employee",
  "pk": 383,
  "fields": {
    "uid": "7767",
    "first_name": "Garnet",
    "last_name": "Bull",
    "email": "Garnet.Bull@example.com",
    "department": 25,
    "risk_group": 26,
    "sick_day_id": null,
    "sick_days_left": null,
    "created_at": "2021-02-25T14:34:00Z",
    "updated_at": "2021-02-25T14:37:50Z"
  }
},
{
  "model": "CC.employee",
  "pk": 384,
  "fields": {
    "uid": "7781",
    "first_name": "Roy",
    "last_name": "Reed",
    "email": "Roy.Reed@example.com",
    "department": 23,
    "risk_group": 26,
    "sick_day_id": null,
    "sick_days_left": null,
    "created_at": "2021-02-25T14:34:00Z",
    "updated_at": "2021-02-25T14:37:50Z"
  }
},
{
  "model": "CC.employee",
  "pk": 385,
  "fields": {
    "uid": "8216",
    "first_name": "Rose",
    "last_name": "Reid",
    "email": "Rose.Reid@example.com",
    "department": 25,
    "risk_group": 26,
    "sick_day_id": null,
    "sick_days_left": null,
    "created_at": "2021-02-25T14:34:00Z",
    "updated_at": "2021-02-25T14:37:50Z"
  }
},
{
  "model": "CC.employee",
  "pk": 386,
  "fields": {
    "uid": "8335",
    "first_name": "Jack",
    "last_name": "Parrick",
    "email": "Jack.Parrick@example.com",
    "department": 22,
    "risk_group": 26,
    "sick_day_id": null,
    "sick_days_left": null,
    "created_at": "2021-02-25T14:34:00Z",
    "updated_at": "2021-02-25T14:37:50Z"
  }
},
{
  "model": "CC.employee",
  "pk": 387,
  "fields": {
    "uid": "8352",
    "first_name": "Tifa",
    "last_name": "Green",
    "email": "Tifa.Green@example.com",
    "department": 25,
    "risk_group": 26,
    "sick_day_id": null,
    "sick_days_left": null,
    "created_at": "2021-02-25T14:34:00Z",
    "updated_at": "2021-02-25T14:37:50Z"
  }
},
{
  "model": "CC.employee",
  "pk": 388,
  "fields": {
    "uid": "8547",
    "first_name": "Aerith",
    "last_name": "Maddams",
    "email": "Aerith.Maddams@example.com",
    "department": 21,
    "risk_group": 26,
    "sick_day_id": null,
    "sick_days_left": null,
    "created_at": "2021-02-25T14:34:00Z",
    "updated_at": "2021-02-25T14:37:50Z"
  }
},
{
  "model": "CC.employee",
  "pk": 389,
  "fields": {
    "uid": "8570",
    "first_name": "Aeris",
    "last_name": "Adams",
    "email": "Aeris.Adams@example.com",
    "department": 25,
    "risk_group": 26,
    "sick_day_id": null,
    "sick_days_left": null,
    "created_at": "2021-02-25T14:34:00Z",
    "updated_at": "2021-02-25T14:37:50Z"
  }
},
{
  "model": "CC.employee",
  "pk": 390,
  "fields": {
    "uid": "8832",
    "first_name": "Shaoib",
    "last_name": "Duthie",
    "email": "Shaoib.Duthie@example.com",
    "department": 22,
    "risk_group": 26,
    "sick_day_id": null,
    "sick_days_left": null,
    "created_at": "2021-02-25T14:34:00Z",
    "updated_at": "2021-02-25T14:37:50Z"
  }
},
{
  "model": "CC.employee",
  "pk": 391,
  "fields": {
    "uid": "8906",
    "first_name": "Vishnu",
    "last_name": "Ten",
    "email": "Vishnu.Ten@example.com",
    "department": 23,
    "risk_group": 26,
    "sick_day_id": null,
    "sick_days_left": null,
    "created_at": "2021-02-25T14:34:00Z",
    "updated_at": "2021-02-25T14:37:50Z"
  }
},
{
  "model": "CC.employee",
  "pk": 392,
  "fields": {
    "uid": "9002",
    "first_name": "Erdrick",
    "last_name": "Nien",
    "email": "Erdrick.Nien@example.com",
    "department": 21,
    "risk_group": 26,
    "sick_day_id": null,
    "sick_days_left": null,
    "created_at": "2021-02-25T14:34:00Z",
    "updated_at": "2021-02-25T14:37:50Z"
  }
},
{
  "model": "CC.employee",
  "pk": 393,
  "fields": {
    "uid": "9272",
    "first_name": "Kratos",
    "last_name": "Ahyt",
    "email": "Kratos.Ahyt@example.com",
    "department": 23,
    "risk_group": 26,
    "sick_day_id": null,
    "sick_days_left": null,
    "created_at": "2021-02-25T14:34:00Z",
    "updated_at": "2021-02-25T14:37:50Z"
  }
},
{
  "model": "CC.employee",
  "pk": 394,
  "fields": {
    "uid": "9312",
    "first_name": "Aloy",
    "last_name": "Sehven",
    "email": "Aloy.Sehven@example.com",
    "department": 25,
    "risk_group": 26,
    "sick_day_id": null,
    "sick_days_left": null,
    "created_at": "2021-02-25T14:34:00Z",
    "updated_at": "2021-02-25T14:37:50Z"
  }
},
{
  "model": "CC.employee",
  "pk": 395,
  "fields": {
    "uid": "9404",
    "first_name": "Rey",
    "last_name": "Sicks",
    "email": "Rey.Sicks@example.com",
    "department": 23,
    "risk_group": 26,
    "sick_day_id": null,
    "sick_days_left": null,
    "created_at": "2021-02-25T14:34:00Z",
    "updated_at": "2021-02-25T14:37:50Z"
  }
},
{
  "model": "CC.employee",
  "pk": 396,
  "fields": {
    "uid": "9541",
    "first_name": "Finn",
    "last_name": "Thighve",
    "email": "Finn.Thighve@example.com",
    "department": 22,
    "risk_group": 26,
    "sick_day_id": null,
    "sick_days_left": null,
    "created_at": "2021-02-25T14:34:00Z",
    "updated_at": "2021-02-25T14:37:50Z"
  }
},
{
  "model": "CC.employee",
  "pk": 397,
  "fields": {
    "uid": "9720",
    "first_name": "Clive",
    "last_name": "Free",
    "email": "Clive.Free@example.com",
    "department": 21,
    "risk_group": 26,
    "sick_day_id": null,
    "sick_days_left": null,
    "created_at": "2021-02-25T14:34:00Z",
    "updated_at": "2021-02-25T14:37:50Z"
  }
},
{
  "model": "CC.employee",
  "pk": 398,
  "fields": {
    "uid": "9791",
    "first_name": "Joshua",
    "last_name": "Too",
    "email": "Joshua.Too@example.com",
    "department": 21,
    "risk_group": 26,
    "sick_day_id": null,
    "sick_days_left": null,
    "created_at": "2021-02-25T14:34:00Z",
    "updated_at": "2021-02-25T14:37:50Z"
  }
},
{
  "model": "CC.employee",
  "pk": 399,
  "fields": {
    "uid": "9903",
    "first_name": "Jill",
    "last_name": "Wun",
    "email": "Jill.Wun@example.com",
    "department": 25,
    "risk_group": 26,
    "sick_day_id": null,
    "sick_days_left": null,
    "created_at": "2021-02-25T14:34:00Z",
    "updated_at": "2021-02-25T14:37:50Z"
  }
},
{
  "model": "CC.employee",
  "pk": 400,
  "fields": {
    "uid": "9981",
    "first_name": "Chris",
    "last_name": "Null",
    "email": "Chris.Null@example.com",
    "department": 24,
    "risk_group": 26,
    "sick_day_id": null,
    "sick_days_left": null,
    "created_at": "2021-02-25T14:34:00Z",
    "updated_at": "2021-02-25T14:37:50Z"
  }
},
{
  "model": "CC.goal",
  "pk": 9,
  "fields": {
    "name": "Average hand sanitizations",
    "description": "Achieve more than 5 Hand sanitizations on average per employee per day",
    "has_been_achieved": false,
    "value": 5,
    "created_at": "2021-02-25T14:34:00Z",
    "updated_at": "2021-02-25T14:34:00Z"
  }
},
{
  "model": "CC.goal",
  "pk": 10,
  "fields": {
    "name": "Max number of high risk employees",
    "description": "Have less then 10% of employees in high risk category",
    "has_been_achieved": false,
    "value": 0,
    "created_at": "2021-02-25T14:34:00Z",
    "updated_at": "2021-02-25T14:34:00Z"
  }
},
{
  "model": "CC.riskgroup",
  "pk": 25,
  "fields": {
    "name": "High"
  }
},
{
  "model": "CC.riskgroup",
  "pk": 26,
  "fields": {
    "name": "Medium"
  }
},
{
  "model": "CC.riskgroup",
  "pk": 27,
  "fields": {
    "name": "Low"
  }
},
{
  "model": "CC.riskgroup",
  "pk": 28,
  "fields": {
    "name": "Low"
  }
},
{
  "model": "CC.riskgroup",
  "pk": 29,
  "fields": {
    "name": "Medium"
  }
},
{
  "model": "CC.riskgroup",
  "pk": 30,
  "fields": {
    "name": "High"
  }
},
{
  "model": "CC.sanitizerstation",
  "pk": 1570,
  "fields": {
    "name": "First Dept Sanitizer",
    "location": "Bathroom",
    "volume_capacity": 100,
    "volume_remaining": 100,
    "type": null,
    "created_at": "2021-02-25T14:34:00Z",
    "updated_at": "2021-02-25T14:34:00Z"
  }
},
{
  "model": "CC.sanitizerstation",
  "pk": 1571,
  "fields": {
    "name": "First Dept Sanitizer",
    "location": "Entrance",
    "volume_capacity": 100,
    "volume_remaining": 100,
    "type": null,
    "created_at": "2021-02-25T14:34:00Z",
    "updated_at": "2021-02-25T14:34:00Z"
  }
},
{
  "model": "CC.sanitizerstation",
  "pk": 1572,
  "fields": {
    "name": "Second Dept Sanitizer",
    "location": "Entrance",
    "volume_capacity": 100,
    "volume_remaining": 100,
    "type": null,
    "created_at": "2021-02-25T14:34:00Z",
    "updated_at": "2021-02-25T14:34:00Z"
  }
},
{
  "model": "CC.sanitizerstation",
  "pk": 1573,
  "fields": {
    "name": "Second Dept Sanitizer",
    "location": "Exit",
    "volume_capacity": 100,
    "volume_remaining": 100,
    "type": null,
    "created_at": "2021-02-25T14:34:00Z",
    "updated_at": "2021-02-25T14:34:00Z"
  }
},
{
  "model": "CC.sanitizerstation",
  "pk": 1574,
  "fields": {
    "name": "Third Dept Sanitizer",
    "location": "Entrance",
    "volume_capacity": 100,
    "volume_remaining": 100,
    "type": null,
    "created_at": "2021-02-25T14:34:00Z",
    "updated_at": "2021-02-25T14:34:00Z"
  }
},
{
  "model": "CC.sanitizerstation",
  "pk": 1575,
  "fields": {
    "name": "Third Dept Sanitizer",
    "location": "Bathroom",
    "volume_capacity": 100,
    "volume_remaining": 100,
    "type": null,
    "created_at": "2021-02-25T14:34:00Z",
    "updated_at": "2021-02-25T14:34:00Z"
  }
},
{
  "model": "CC.sanitizerstation",
  "pk": 1576,
  "fields": {
    "name": "Fourth Dept Sanitizer",
    "location": "The Balcony",
    "volume_capacity": 100,
    "volume_remaining": 100,
    "type": null,
    "created_at": "2021-02-25T14:34:00Z",
    "updated_at": "2021-02-25T14:34:00Z"
  }
},
{
  "model": "CC.sanitizerstation",
  "pk": 1577,
  "fields": {
    "name": "Fourth Dept Sanitizer",
    "location": "The Attic",
    "volume_capacity": 100,
    "volume_remaining": 100,
    "type": null,
    "created_at": "2021-02-25T14:34:00Z",
    "updated_at": "2021-02-25T14:34:00Z"
  }
}
]
