[
{
  "model": "auth.permission",
  "pk": 1,
  "fields": {
    "name": "Can add log entry",
    "content_type": 1,
    "codename": "add_logentry"
  }
},
{
  "model": "auth.permission",
  "pk": 2,
  "fields": {
    "name": "Can change log entry",
    "content_type": 1,
    "codename": "change_logentry"
  }
},
{
  "model": "auth.permission",
  "pk": 3,
  "fields": {
    "name": "Can delete log entry",
    "content_type": 1,
    "codename": "delete_logentry"
  }
},
{
  "model": "auth.permission",
  "pk": 4,
  "fields": {
    "name": "Can view log entry",
    "content_type": 1,
    "codename": "view_logentry"
  }
},
{
  "model": "auth.permission",
  "pk": 5,
  "fields": {
    "name": "Can add permission",
    "content_type": 2,
    "codename": "add_permission"
  }
},
{
  "model": "auth.permission",
  "pk": 6,
  "fields": {
    "name": "Can change permission",
    "content_type": 2,
    "codename": "change_permission"
  }
},
{
  "model": "auth.permission",
  "pk": 7,
  "fields": {
    "name": "Can delete permission",
    "content_type": 2,
    "codename": "delete_permission"
  }
},
{
  "model": "auth.permission",
  "pk": 8,
  "fields": {
    "name": "Can view permission",
    "content_type": 2,
    "codename": "view_permission"
  }
},
{
  "model": "auth.permission",
  "pk": 9,
  "fields": {
    "name": "Can add group",
    "content_type": 3,
    "codename": "add_group"
  }
},
{
  "model": "auth.permission",
  "pk": 10,
  "fields": {
    "name": "Can change group",
    "content_type": 3,
    "codename": "change_group"
  }
},
{
  "model": "auth.permission",
  "pk": 11,
  "fields": {
    "name": "Can delete group",
    "content_type": 3,
    "codename": "delete_group"
  }
},
{
  "model": "auth.permission",
  "pk": 12,
  "fields": {
    "name": "Can view group",
    "content_type": 3,
    "codename": "view_group"
  }
},
{
  "model": "auth.permission",
  "pk": 13,
  "fields": {
    "name": "Can add user",
    "content_type": 4,
    "codename": "add_user"
  }
},
{
  "model": "auth.permission",
  "pk": 14,
  "fields": {
    "name": "Can change user",
    "content_type": 4,
    "codename": "change_user"
  }
},
{
  "model": "auth.permission",
  "pk": 15,
  "fields": {
    "name": "Can delete user",
    "content_type": 4,
    "codename": "delete_user"
  }
},
{
  "model": "auth.permission",
  "pk": 16,
  "fields": {
    "name": "Can view user",
    "content_type": 4,
    "codename": "view_user"
  }
},
{
  "model": "auth.permission",
  "pk": 17,
  "fields": {
    "name": "Can add content type",
    "content_type": 5,
    "codename": "add_contenttype"
  }
},
{
  "model": "auth.permission",
  "pk": 18,
  "fields": {
    "name": "Can change content type",
    "content_type": 5,
    "codename": "change_contenttype"
  }
},
{
  "model": "auth.permission",
  "pk": 19,
  "fields": {
    "name": "Can delete content type",
    "content_type": 5,
    "codename": "delete_contenttype"
  }
},
{
  "model": "auth.permission",
  "pk": 20,
  "fields": {
    "name": "Can view content type",
    "content_type": 5,
    "codename": "view_contenttype"
  }
},
{
  "model": "auth.permission",
  "pk": 21,
  "fields": {
    "name": "Can add session",
    "content_type": 6,
    "codename": "add_session"
  }
},
{
  "model": "auth.permission",
  "pk": 22,
  "fields": {
    "name": "Can change session",
    "content_type": 6,
    "codename": "change_session"
  }
},
{
  "model": "auth.permission",
  "pk": 23,
  "fields": {
    "name": "Can delete session",
    "content_type": 6,
    "codename": "delete_session"
  }
},
{
  "model": "auth.permission",
  "pk": 24,
  "fields": {
    "name": "Can view session",
    "content_type": 6,
    "codename": "view_session"
  }
},
{
  "model": "auth.permission",
  "pk": 25,
  "fields": {
    "name": "Can add achievement",
    "content_type": 7,
    "codename": "add_achievement"
  }
},
{
  "model": "auth.permission",
  "pk": 26,
  "fields": {
    "name": "Can change achievement",
    "content_type": 7,
    "codename": "change_achievement"
  }
},
{
  "model": "auth.permission",
  "pk": 27,
  "fields": {
    "name": "Can delete achievement",
    "content_type": 7,
    "codename": "delete_achievement"
  }
},
{
  "model": "auth.permission",
  "pk": 28,
  "fields": {
    "name": "Can view achievement",
    "content_type": 7,
    "codename": "view_achievement"
  }
},
{
  "model": "auth.permission",
  "pk": 29,
  "fields": {
    "name": "Can add department",
    "content_type": 8,
    "codename": "add_department"
  }
},
{
  "model": "auth.permission",
  "pk": 30,
  "fields": {
    "name": "Can change department",
    "content_type": 8,
    "codename": "change_department"
  }
},
{
  "model": "auth.permission",
  "pk": 31,
  "fields": {
    "name": "Can delete department",
    "content_type": 8,
    "codename": "delete_department"
  }
},
{
  "model": "auth.permission",
  "pk": 32,
  "fields": {
    "name": "Can view department",
    "content_type": 8,
    "codename": "view_department"
  }
},
{
  "model": "auth.permission",
  "pk": 33,
  "fields": {
    "name": "Can add employee",
    "content_type": 9,
    "codename": "add_employee"
  }
},
{
  "model": "auth.permission",
  "pk": 34,
  "fields": {
    "name": "Can change employee",
    "content_type": 9,
    "codename": "change_employee"
  }
},
{
  "model": "auth.permission",
  "pk": 35,
  "fields": {
    "name": "Can delete employee",
    "content_type": 9,
    "codename": "delete_employee"
  }
},
{
  "model": "auth.permission",
  "pk": 36,
  "fields": {
    "name": "Can view employee",
    "content_type": 9,
    "codename": "view_employee"
  }
},
{
  "model": "auth.permission",
  "pk": 37,
  "fields": {
    "name": "Can add goal",
    "content_type": 10,
    "codename": "add_goal"
  }
},
{
  "model": "auth.permission",
  "pk": 38,
  "fields": {
    "name": "Can change goal",
    "content_type": 10,
    "codename": "change_goal"
  }
},
{
  "model": "auth.permission",
  "pk": 39,
  "fields": {
    "name": "Can delete goal",
    "content_type": 10,
    "codename": "delete_goal"
  }
},
{
  "model": "auth.permission",
  "pk": 40,
  "fields": {
    "name": "Can view goal",
    "content_type": 10,
    "codename": "view_goal"
  }
},
{
  "model": "auth.permission",
  "pk": 41,
  "fields": {
    "name": "Can add rfid connection",
    "content_type": 11,
    "codename": "add_rfidconnection"
  }
},
{
  "model": "auth.permission",
  "pk": 42,
  "fields": {
    "name": "Can change rfid connection",
    "content_type": 11,
    "codename": "change_rfidconnection"
  }
},
{
  "model": "auth.permission",
  "pk": 43,
  "fields": {
    "name": "Can delete rfid connection",
    "content_type": 11,
    "codename": "delete_rfidconnection"
  }
},
{
  "model": "auth.permission",
  "pk": 44,
  "fields": {
    "name": "Can view rfid connection",
    "content_type": 11,
    "codename": "view_rfidconnection"
  }
},
{
  "model": "auth.permission",
  "pk": 45,
  "fields": {
    "name": "Can add risk group",
    "content_type": 12,
    "codename": "add_riskgroup"
  }
},
{
  "model": "auth.permission",
  "pk": 46,
  "fields": {
    "name": "Can change risk group",
    "content_type": 12,
    "codename": "change_riskgroup"
  }
},
{
  "model": "auth.permission",
  "pk": 47,
  "fields": {
    "name": "Can delete risk group",
    "content_type": 12,
    "codename": "delete_riskgroup"
  }
},
{
  "model": "auth.permission",
  "pk": 48,
  "fields": {
    "name": "Can view risk group",
    "content_type": 12,
    "codename": "view_riskgroup"
  }
},
{
  "model": "auth.permission",
  "pk": 49,
  "fields": {
    "name": "Can add sanitizer station",
    "content_type": 13,
    "codename": "add_sanitizerstation"
  }
},
{
  "model": "auth.permission",
  "pk": 50,
  "fields": {
    "name": "Can change sanitizer station",
    "content_type": 13,
    "codename": "change_sanitizerstation"
  }
},
{
  "model": "auth.permission",
  "pk": 51,
  "fields": {
    "name": "Can delete sanitizer station",
    "content_type": 13,
    "codename": "delete_sanitizerstation"
  }
},
{
  "model": "auth.permission",
  "pk": 52,
  "fields": {
    "name": "Can view sanitizer station",
    "content_type": 13,
    "codename": "view_sanitizerstation"
  }
},
{
  "model": "auth.permission",
  "pk": 53,
  "fields": {
    "name": "Can add sick leave",
    "content_type": 14,
    "codename": "add_sickleave"
  }
},
{
  "model": "auth.permission",
  "pk": 54,
  "fields": {
    "name": "Can change sick leave",
    "content_type": 14,
    "codename": "change_sickleave"
  }
},
{
  "model": "auth.permission",
  "pk": 55,
  "fields": {
    "name": "Can delete sick leave",
    "content_type": 14,
    "codename": "delete_sickleave"
  }
},
{
  "model": "auth.permission",
  "pk": 56,
  "fields": {
    "name": "Can view sick leave",
    "content_type": 14,
    "codename": "view_sickleave"
  }
},
{
  "model": "auth.user",
  "pk": 84,
  "fields": {
    "password": "pbkdf2_sha256$216000$Eas0dD9m8pI6$tjUBBENvjDWeApsRqAV7bqdY7QGQSurQiwnWHs3oCwI=",
    "last_login": null,
    "is_superuser": false,
    "username": "AJones",
    "first_name": "Aaron",
    "last_name": "Jones",
    "email": "Aaron.Jones@example.com",
    "is_staff": false,
    "is_active": true,
    "date_joined": "2021-02-25T14:34:10.440Z",
    "groups": [],
    "user_permissions": []
  }
},
{
  "model": "auth.user",
  "pk": 85,
  "fields": {
    "password": "pbkdf2_sha256$216000$lXnVAghlLUqN$KMXYo3K3rJ5595kX69uV68+JbLroAWAo/2N/DfxuAkc=",
    "last_login": null,
    "is_superuser": false,
    "username": "ASmith",
    "first_name": "Adam",
    "last_name": "Smith",
    "email": "Adam.Smith@example.com",
    "is_staff": false,
    "is_active": true,
    "date_joined": "2021-02-25T14:34:10.525Z",
    "groups": [],
    "user_permissions": []
  }
},
{
  "model": "auth.user",
  "pk": 86,
  "fields": {
    "password": "pbkdf2_sha256$216000$SayzN5VSCQsL$DMM1F/Hocy/SyzrV4b6u4eBuvWmXE3c22G50cEQRSSg=",
    "last_login": null,
    "is_superuser": false,
    "username": "JBloggs",
    "first_name": "Jamie",
    "last_name": "Bloggs",
    "email": "Jamie.Bloggs@example.com",
    "is_staff": false,
    "is_active": true,
    "date_joined": "2021-02-25T14:34:10.605Z",
    "groups": [],
    "user_permissions": []
  }
},
{
  "model": "auth.user",
  "pk": 87,
  "fields": {
    "password": "pbkdf2_sha256$216000$UhM3WIhTNWer$f1CwfIiymn9QefQ4jeuqgNuxF/aIj7rZyO2IB/tEWVo=",
    "last_login": null,
    "is_superuser": false,
    "username": "JDias",
    "first_name": "Jade",
    "last_name": "Dias",
    "email": "Jade.Dias@example.com",
    "is_staff": false,
    "is_active": true,
    "date_joined": "2021-02-25T14:34:10.685Z",
    "groups": [],
    "user_permissions": []
  }
},
{
  "model": "auth.user",
  "pk": 88,
  "fields": {
    "password": "pbkdf2_sha256$216000$puFYuQHOLWsh$/jnrhR5l5KUDWX+Na1XXDUJJV5hTH0YHX3Ed3JBeW/U=",
    "last_login": null,
    "is_superuser": false,
    "username": "JMarkle",
    "first_name": "Jimmy",
    "last_name": "Markle",
    "email": "Jimmy.Markle@example.com",
    "is_staff": false,
    "is_active": true,
    "date_joined": "2021-02-25T14:34:10.763Z",
    "groups": [],
    "user_permissions": []
  }
},
{
  "model": "auth.user",
  "pk": 89,
  "fields": {
    "password": "pbkdf2_sha256$216000$fBvgFgEi4cwQ$M4m7SUCtp8aVJlB9NZVm1FlVz1dSRlzMTuFMzjw7mC4=",
    "last_login": null,
    "is_superuser": false,
    "username": "RDoe",
    "first_name": "Robert",
    "last_name": "Doe",
    "email": "Robert.Doe@example.com",
    "is_staff": false,
    "is_active": true,
    "date_joined": "2021-02-25T14:34:10.844Z",
    "groups": [],
    "user_permissions": []
  }
},
{
  "model": "auth.user",
  "pk": 90,
  "fields": {
    "password": "pbkdf2_sha256$216000$OLL4HropICHa$W7whnBPJzQkaggeHciWtak0tIBPbe6nAuYC3a81P4WM=",
    "last_login": null,
    "is_superuser": false,
    "username": "LSmith",
    "first_name": "Luke",
    "last_name": "Smith",
    "email": "Luke.Smith@example.com",
    "is_staff": false,
    "is_active": true,
    "date_joined": "2021-02-25T14:34:10.922Z",
    "groups": [],
    "user_permissions": []
  }
},
{
  "model": "auth.user",
  "pk": 91,
  "fields": {
    "password": "pbkdf2_sha256$216000$6oEGMkxx0KVx$o1bmnhOhYNSvnLADUgr4MoKGH4tvWk+vHF76gQtqnto=",
    "last_login": null,
    "is_superuser": false,
    "username": "APlisskin",
    "first_name": "Arif",
    "last_name": "Plisskin",
    "email": "Arif.Plisskin@example.com",
    "is_staff": false,
    "is_active": true,
    "date_joined": "2021-02-25T14:34:11.001Z",
    "groups": [],
    "user_permissions": []
  }
},
{
  "model": "auth.user",
  "pk": 92,
  "fields": {
    "password": "pbkdf2_sha256$216000$3M0cDFnDZcZV$f8uNK6gpDs5zad3/grcR/1nH1vMKeU+oAFzLdOqnNVw=",
    "last_login": null,
    "is_superuser": false,
    "username": "MStrife",
    "first_name": "Micheal",
    "last_name": "Strife",
    "email": "Micheal.Strife@example.com",
    "is_staff": false,
    "is_active": true,
    "date_joined": "2021-02-25T14:34:11.079Z",
    "groups": [],
    "user_permissions": []
  }
},
{
  "model": "auth.user",
  "pk": 93,
  "fields": {
    "password": "pbkdf2_sha256$216000$bBN5C9Ep8NCo$ApxQjGcc9tL6WGpLuR7i1fZCkr6GP5+YtrwtH8d49wI=",
    "last_login": null,
    "is_superuser": false,
    "username": "BLeonheart",
    "first_name": "Bob",
    "last_name": "Leonheart",
    "email": "Bob.Leonheart@example.com",
    "is_staff": false,
    "is_active": true,
    "date_joined": "2021-02-25T14:34:11.159Z",
    "groups": [],
    "user_permissions": []
  }
},
{
  "model": "auth.user",
  "pk": 94,
  "fields": {
    "password": "pbkdf2_sha256$216000$O0OJ9Asiox05$KHJRArIo0NWm8cbSd83zvl/tYe95TmhiPPjaal212CY=",
    "last_login": null,
    "is_superuser": false,
    "username": "JTribal",
    "first_name": "James",
    "last_name": "Tribal",
    "email": "James.Tribal@example.com",
    "is_staff": false,
    "is_active": true,
    "date_joined": "2021-02-25T14:34:11.238Z",
    "groups": [],
    "user_permissions": []
  }
},
{
  "model": "auth.user",
  "pk": 95,
  "fields": {
    "password": "pbkdf2_sha256$216000$WHbL6qYK77Z6$F00KkgdospMhAj4/J1RTNGYNS+ostheD88RAJVCK5SY=",
    "last_login": null,
    "is_superuser": false,
    "username": "AGainsbourough",
    "first_name": "Al",
    "last_name": "Gainsbourough",
    "email": "Al.Gainsbourough@example.com",
    "is_staff": false,
    "is_active": true,
    "date_joined": "2021-02-25T14:34:11.316Z",
    "groups": [],
    "user_permissions": []
  }
},
{
  "model": "auth.user",
  "pk": 96,
  "fields": {
    "password": "pbkdf2_sha256$216000$VWut3SKAtTKI$yj+3jquq0U/c7TK7Is+59PoVq/gCUusDR0z8XBqOVyk=",
    "last_login": null,
    "is_superuser": false,
    "username": "ALockheart",
    "first_name": "Alex",
    "last_name": "Lockheart",
    "email": "Alex.Lockheart@example.com",
    "is_staff": false,
    "is_active": true,
    "date_joined": "2021-02-25T14:34:11.395Z",
    "groups": [],
    "user_permissions": []
  }
},
{
  "model": "auth.user",
  "pk": 97,
  "fields": {
    "password": "pbkdf2_sha256$216000$GqB8KiQvRNFv$DzsTIX8dvzj937DKuLXKAy5r9Zky83TmydT6FJ5OAT4=",
    "last_login": null,
    "is_superuser": false,
    "username": "CKopparberd",
    "first_name": "Charlie",
    "last_name": "Kopparberd",
    "email": "Charlie.Kopparberd@example.com",
    "is_staff": false,
    "is_active": true,
    "date_joined": "2021-02-25T14:34:11.474Z",
    "groups": [],
    "user_permissions": []
  }
},
{
  "model": "auth.user",
  "pk": 98,
  "fields": {
    "password": "pbkdf2_sha256$216000$QyPeXvNCxNo1$GTAadtnqSWRiagiXcR/JB4icP+BOMUZNxFDyABx2fVQ=",
    "last_login": null,
    "is_superuser": false,
    "username": "KMcDonald",
    "first_name": "Knut",
    "last_name": "McDonald",
    "email": "Knut.McDonald@example.com",
    "is_staff": false,
    "is_active": true,
    "date_joined": "2021-02-25T14:34:11.557Z",
    "groups": [],
    "user_permissions": []
  }
},
{
  "model": "auth.user",
  "pk": 99,
  "fields": {
    "password": "pbkdf2_sha256$216000$3m6PbmKEJ5QB$If+mazgiDQGo72hLB9dJKaW0GPxF8p6C32f2dSs/DyM=",
    "last_login": null,
    "is_superuser": false,
    "username": "ATennant",
    "first_name": "Andrei",
    "last_name": "Tennant",
    "email": "Andrei.Tennant@example.com",
    "is_staff": false,
    "is_active": true,
    "date_joined": "2021-02-25T14:34:11.635Z",
    "groups": [],
    "user_permissions": []
  }
},
{
  "model": "auth.user",
  "pk": 100,
  "fields": {
    "password": "pbkdf2_sha256$216000$Kp0GkNzau0fc$LPDzW7fhKD4hexPNlsknrSwjUOPTjBfowvvyW9wdW9M=",
    "last_login": null,
    "is_superuser": false,
    "username": "HJones",
    "first_name": "Hazim",
    "last_name": "Jones",
    "email": "Hazim.Jones@example.com",
    "is_staff": false,
    "is_active": true,
    "date_joined": "2021-02-25T14:34:11.712Z",
    "groups": [],
    "user_permissions": []
  }
},
{
  "model": "auth.user",
  "pk": 101,
  "fields": {
    "password": "pbkdf2_sha256$216000$37rNhUyFYQJF$itTWhd3bWsptQWo+8VpOKdZOg2tS/DRUsPfAayvLt9M=",
    "last_login": null,
    "is_superuser": false,
    "username": "SCloggs",
    "first_name": "Sam",
    "last_name": "Cloggs",
    "email": "Sam.Cloggs@example.com",
    "is_staff": false,
    "is_active": true,
    "date_joined": "2021-02-25T14:34:11.793Z",
    "groups": [],
    "user_permissions": []
  }
},
{
  "model": "auth.user",
  "pk": 102,
  "fields": {
    "password": "pbkdf2_sha256$216000$CTfAL6yqyHNP$H8L/STM6nfPROtrGCm/2wdBcEcAXY1pbsM4iZytW6Jk=",
    "last_login": null,
    "is_superuser": false,
    "username": "MFring",
    "first_name": "Megan",
    "last_name": "Fring",
    "email": "Megan.Fring@example.com",
    "is_staff": false,
    "is_active": true,
    "date_joined": "2021-02-25T14:34:11.871Z",
    "groups": [],
    "user_permissions": []
  }
},
{
  "model": "auth.user",
  "pk": 103,
  "fields": {
    "password": "pbkdf2_sha256$216000$W392vR3k1u5U$XvIACpnHwcxsAvSGOe5efeJXAiwFTyiGy/JlVEBwWC0=",
    "last_login": null,
    "is_superuser": false,
    "username": "JSmith",
    "first_name": "Julie",
    "last_name": "Smith",
    "email": "Julie.Smith@example.com",
    "is_staff": false,
    "is_active": true,
    "date_joined": "2021-02-25T14:34:11.949Z",
    "groups": [],
    "user_permissions": []
  }
},
{
  "model": "auth.user",
  "pk": 104,
  "fields": {
    "password": "pbkdf2_sha256$216000$6I98WmsQr7LC$fCNcAp2gNB0TbI+OunB1o2FWL7l72HDRC6ZEdaAFrK4=",
    "last_login": null,
    "is_superuser": false,
    "username": "JDursley",
    "first_name": "Jiminy",
    "last_name": "Dursley",
    "email": "Jiminy.Dursley@example.com",
    "is_staff": false,
    "is_active": true,
    "date_joined": "2021-02-25T14:34:12.028Z",
    "groups": [],
    "user_permissions": []
  }
},
{
  "model": "auth.user",
  "pk": 105,
  "fields": {
    "password": "pbkdf2_sha256$216000$jGXpDF3HqlRG$lmuqGk2A0a/smAYaOOdTuI328WIpUhZDgV/lLN41hf8=",
    "last_login": null,
    "is_superuser": false,
    "username": "JPotter",
    "first_name": "Joseph",
    "last_name": "Potter",
    "email": "Joseph.Potter@example.com",
    "is_staff": false,
    "is_active": true,
    "date_joined": "2021-02-25T14:34:12.108Z",
    "groups": [],
    "user_permissions": []
  }
},
{
  "model": "auth.user",
  "pk": 106,
  "fields": {
    "password": "pbkdf2_sha256$216000$SuI9cYGQULMp$aYTPygCW6XniSOEgyMzms7OUoFm4LiD0aKALvYKi44I=",
    "last_login": null,
    "is_superuser": false,
    "username": "LTrotter",
    "first_name": "Leo",
    "last_name": "Trotter",
    "email": "Leo.Trotter@example.com",
    "is_staff": false,
    "is_active": true,
    "date_joined": "2021-02-25T14:34:12.189Z",
    "groups": [],
    "user_permissions": []
  }
},
{
  "model": "auth.user",
  "pk": 107,
  "fields": {
    "password": "pbkdf2_sha256$216000$JLeqJL1L6WRl$S43Kx3M1O6lalQPng2h0e08XmnklngNh9TIexGOVIUs=",
    "last_login": null,
    "is_superuser": false,
    "username": "CPennyworth",
    "first_name": "Christopher",
    "last_name": "Pennyworth",
    "email": "Christopher.Pennyworth@example.com",
    "is_staff": false,
    "is_active": true,
    "date_joined": "2021-02-25T14:34:12.270Z",
    "groups": [],
    "user_permissions": []
  }
},
{
  "model": "auth.user",
  "pk": 108,
  "fields": {
    "password": "pbkdf2_sha256$216000$yKEYEXHPq3yq$JtQqKjAGId6MwfWTFzYz+JHZcl8PGt6YUCbbDkjpF0k=",
    "last_login": null,
    "is_superuser": false,
    "username": "SPreda",
    "first_name": "Samuel",
    "last_name": "Preda",
    "email": "Samuel.Preda@example.com",
    "is_staff": false,
    "is_active": true,
    "date_joined": "2021-02-25T14:34:12.349Z",
    "groups": [],
    "user_permissions": []
  }
},
{
  "model": "auth.user",
  "pk": 109,
  "fields": {
    "password": "pbkdf2_sha256$216000$qC18Ls7HRfEs$t4WOwCJmvJibcvaxabMGhQa9dSXNI9Jh0mZd2j4RlLA=",
    "last_login": null,
    "is_superuser": false,
    "username": "VSceats",
    "first_name": "Vernon",
    "last_name": "Sceats",
    "email": "Vernon.Sceats@example.com",
    "is_staff": false,
    "is_active": true,
    "date_joined": "2021-02-25T14:34:12.428Z",
    "groups": [],
    "user_permissions": []
  }
},
{
  "model": "auth.user",
  "pk": 110,
  "fields": {
    "password": "pbkdf2_sha256$216000$xbvG6mgmrd6l$SHQBnNWcnpePwuLvhi7pJcDkvD1uSJPIRPGYFFI8wTg=",
    "last_login": null,
    "is_superuser": false,
    "username": "NSmeets",
    "first_name": "Nigel",
    "last_name": "Smeets",
    "email": "Nigel.Smeets@example.com",
    "is_staff": false,
    "is_active": true,
    "date_joined": "2021-02-25T14:34:12.506Z",
    "groups": [],
    "user_permissions": []
  }
},
{
  "model": "auth.user",
  "pk": 111,
  "fields": {
    "password": "pbkdf2_sha256$216000$vU0DdUx7qbsv$Sxay8Ey18NWPlVVg4byaphaMj1Hmhvf3jw+B2KEuBZ0=",
    "last_login": null,
    "is_superuser": false,
    "username": "HBown",
    "first_name": "Harry",
    "last_name": "Bown",
    "email": "Harry.Bown@example.com",
    "is_staff": false,
    "is_active": true,
    "date_joined": "2021-02-25T14:34:12.584Z",
    "groups": [],
    "user_permissions": []
  }
},
{
  "model": "auth.user",
  "pk": 112,
  "fields": {
    "password": "pbkdf2_sha256$216000$QA7N5wIJ6ZI5$sMlYvoea0NVRDn2I5elw4lAVU5EA4c2zZ7MmuGmQizY=",
    "last_login": null,
    "is_superuser": false,
    "username": "UBrown",
    "first_name": "Undyne",
    "last_name": "Brown",
    "email": "Undyne.Brown@example.com",
    "is_staff": false,
    "is_active": true,
    "date_joined": "2021-02-25T14:34:12.663Z",
    "groups": [],
    "user_permissions": []
  }
},
{
  "model": "auth.user",
  "pk": 113,
  "fields": {
    "password": "pbkdf2_sha256$216000$05BgmQ0LYRzN$WsKvUshJIajdoAS457HOYBnl7O3ANWlk6BWuBGCyUFQ=",
    "last_login": null,
    "is_superuser": false,
    "username": "WUrban",
    "first_name": "Wendy",
    "last_name": "Urban",
    "email": "Wendy.Urban@example.com",
    "is_staff": false,
    "is_active": true,
    "date_joined": "2021-02-25T14:34:12.741Z",
    "groups": [],
    "user_permissions": []
  }
},
{
  "model": "auth.user",
  "pk": 114,
  "fields": {
    "password": "pbkdf2_sha256$216000$QiExsI4HTWEW$MZNtb1svVrGBC7CJOsh2Q3OJItkvh39W9606R1y0jcc=",
    "last_login": null,
    "is_superuser": false,
    "username": "PDross",
    "first_name": "Patrick",
    "last_name": "Dross",
    "email": "Patrick.Dross@example.com",
    "is_staff": false,
    "is_active": true,
    "date_joined": "2021-02-25T14:34:12.818Z",
    "groups": [],
    "user_permissions": []
  }
},
{
  "model": "auth.user",
  "pk": 115,
  "fields": {
    "password": "pbkdf2_sha256$216000$DTnwK7GiBshw$HaKlrs6wDuBjeqH0MxRPzR4pA6b9Gfmk1sUPF4AbJXY=",
    "last_login": null,
    "is_superuser": false,
    "username": "BBoss",
    "first_name": "Barry",
    "last_name": "Boss",
    "email": "Barry.Boss@example.com",
    "is_staff": false,
    "is_active": true,
    "date_joined": "2021-02-25T14:34:12.896Z",
    "groups": [],
    "user_permissions": []
  }
},
{
  "model": "auth.user",
  "pk": 116,
  "fields": {
    "password": "pbkdf2_sha256$216000$m83kMT0duEUy$MOreE2u6qxHF8jEnhRj99n2wVnz2GH1upkCPJG8H6Kw=",
    "last_login": null,
    "is_superuser": false,
    "username": "FLoss",
    "first_name": "Frank",
    "last_name": "Loss",
    "email": "Frank.Loss@example.com",
    "is_staff": false,
    "is_active": true,
    "date_joined": "2021-02-25T14:34:12.977Z",
    "groups": [],
    "user_permissions": []
  }
},
{
  "model": "auth.user",
  "pk": 117,
  "fields": {
    "password": "pbkdf2_sha256$216000$Ug6AfPfI68tf$yueyG59pzCRYnDyXD63Vo30VzmWgIFuEo4m8rcrGD94=",
    "last_login": null,
    "is_superuser": false,
    "username": "DRowe",
    "first_name": "Dave",
    "last_name": "Rowe",
    "email": "Dave.Rowe@example.com",
    "is_staff": false,
    "is_active": true,
    "date_joined": "2021-02-25T14:34:13.057Z",
    "groups": [],
    "user_permissions": []
  }
},
{
  "model": "auth.user",
  "pk": 118,
  "fields": {
    "password": "pbkdf2_sha256$216000$BIL7iOmOR1m5$N5Rtg1z0h/+al7LNKlLDxTXg5WyQ2OrUnxH/khREGDU=",
    "last_login": null,
    "is_superuser": false,
    "username": "JApplegate",
    "first_name": "Jack",
    "last_name": "Applegate",
    "email": "Jack.Applegate@example.com",
    "is_staff": false,
    "is_active": true,
    "date_joined": "2021-02-25T14:34:13.136Z",
    "groups": [],
    "user_permissions": []
  }
},
{
  "model": "auth.user",
  "pk": 119,
  "fields": {
    "password": "pbkdf2_sha256$216000$xcd4kjWNzSav$X45/BMxVomEIeFP3cWnTmc2aB5KnnTsa53s79GWvRQ0=",
    "last_login": null,
    "is_superuser": false,
    "username": "ZBinar",
    "first_name": "Zelda",
    "last_name": "Binar",
    "email": "Zelda.Binar@example.com",
    "is_staff": false,
    "is_active": true,
    "date_joined": "2021-02-25T14:34:13.215Z",
    "groups": [],
    "user_permissions": []
  }
},
{
  "model": "auth.user",
  "pk": 120,
  "fields": {
    "password": "pbkdf2_sha256$216000$MqwCpRVDEOhu$TU4ySjsepqoTcpO155HB9KOo1ULJLvSI4slmR1Pura4=",
    "last_login": null,
    "is_superuser": false,
    "username": "PHexa",
    "first_name": "Patricia",
    "last_name": "Hexa",
    "email": "Patricia.Hexa@example.com",
    "is_staff": false,
    "is_active": true,
    "date_joined": "2021-02-25T14:34:13.295Z",
    "groups": [],
    "user_permissions": []
  }
},
{
  "model": "auth.user",
  "pk": 121,
  "fields": {
    "password": "pbkdf2_sha256$216000$ivm6mVOrxwMv$SKRjE6jmgks0aPQH/thZaiX/sYdlFqoUor7pDJkxbhM=",
    "last_login": null,
    "is_superuser": false,
    "username": "FSee",
    "first_name": "Freddie",
    "last_name": "See",
    "email": "Freddie.See@example.com",
    "is_staff": false,
    "is_active": true,
    "date_joined": "2021-02-25T14:34:13.373Z",
    "groups": [],
    "user_permissions": []
  }
},
{
  "model": "auth.user",
  "pk": 122,
  "fields": {
    "password": "pbkdf2_sha256$216000$B3Z37qqPJFUx$B/S/xwizX+os3d/YipHFa7R2kb8rB7Y4DLjAVXvB31U=",
    "last_login": null,
    "is_superuser": false,
    "username": "JSeeplusplus",
    "first_name": "Jemery",
    "last_name": "Seeplusplus",
    "email": "Jemery.Seeplusplus@example.com",
    "is_staff": false,
    "is_active": true,
    "date_joined": "2021-02-25T14:34:13.452Z",
    "groups": [],
    "user_permissions": []
  }
},
{
  "model": "auth.user",
  "pk": 123,
  "fields": {
    "password": "pbkdf2_sha256$216000$XMKrPs3CfypN$H1GfAmKjQN5xPBE+Uz9oufOjLc/WxwLcHmPQ5JcArlg=",
    "last_login": null,
    "is_superuser": false,
    "username": "MSeesharp",
    "first_name": "Mike",
    "last_name": "Seesharp",
    "email": "Mike.Seesharp@example.com",
    "is_staff": false,
    "is_active": true,
    "date_joined": "2021-02-25T14:34:13.534Z",
    "groups": [],
    "user_permissions": []
  }
},
{
  "model": "auth.user",
  "pk": 124,
  "fields": {
    "password": "pbkdf2_sha256$216000$hXj5ILTdX7sM$yjQ+6Dh5l9JR+hGBV39roB1mYqgW/PmHhlcLagu+9tw=",
    "last_login": null,
    "is_superuser": false,
    "username": "PPie",
    "first_name": "Pheobe",
    "last_name": "Pie",
    "email": "Pheobe.Pie@example.com",
    "is_staff": false,
    "is_active": true,
    "date_joined": "2021-02-25T14:34:13.614Z",
    "groups": [],
    "user_permissions": []
  }
},
{
  "model": "auth.user",
  "pk": 125,
  "fields": {
    "password": "pbkdf2_sha256$216000$iytd184OdFY9$Daujzu3HJO6vkZj6tq9L8yiDmIsN/IJ7lv4l+35PGSg=",
    "last_login": null,
    "is_superuser": false,
    "username": "RThon",
    "first_name": "Rachel",
    "last_name": "Thon",
    "email": "Rachel.Thon@example.com",
    "is_staff": false,
    "is_active": true,
    "date_joined": "2021-02-25T14:34:13.694Z",
    "groups": [],
    "user_permissions": []
  }
},
{
  "model": "auth.user",
  "pk": 126,
  "fields": {
    "password": "pbkdf2_sha256$216000$9rOF6sY93vcc$L99gTSqD05Rk0uMkzpYXBr36JC/lG+UklXzEB4yB8es=",
    "last_login": null,
    "is_superuser": false,
    "username": "MRuby",
    "first_name": "Monica",
    "last_name": "Ruby",
    "email": "Monica.Ruby@example.com",
    "is_staff": false,
    "is_active": true,
    "date_joined": "2021-02-25T14:34:13.773Z",
    "groups": [],
    "user_permissions": []
  }
},
{
  "model": "auth.user",
  "pk": 127,
  "fields": {
    "password": "pbkdf2_sha256$216000$Jojf3FEhmxT8$yVwuonVdMlOr41nm2WdwahZn18V+h+irU99bp/VGylY=",
    "last_login": null,
    "is_superuser": false,
    "username": "RJahva",
    "first_name": "Ross",
    "last_name": "Jahva",
    "email": "Ross.Jahva@example.com",
    "is_staff": false,
    "is_active": true,
    "date_joined": "2021-02-25T14:34:13.853Z",
    "groups": [],
    "user_permissions": []
  }
},
{
  "model": "auth.user",
  "pk": 128,
  "fields": {
    "password": "pbkdf2_sha256$216000$gBBjje12FzXo$XWQFzjX2K5TUqXiGTem4+6xBnU0RR7dG1Rmrpd062rA=",
    "last_login": null,
    "is_superuser": false,
    "username": "JStark",
    "first_name": "Joey",
    "last_name": "Stark",
    "email": "Joey.Stark@example.com",
    "is_staff": false,
    "is_active": true,
    "date_joined": "2021-02-25T14:34:13.937Z",
    "groups": [],
    "user_permissions": []
  }
},
{
  "model": "auth.user",
  "pk": 129,
  "fields": {
    "password": "pbkdf2_sha256$216000$9R0ogkdLC06D$yqYStA2dSnfLDV+pAAU5uBbo2rEZ+W3/OIJOiToRpRM=",
    "last_login": null,
    "is_superuser": false,
    "username": "CRogers",
    "first_name": "Chandler",
    "last_name": "Rogers",
    "email": "Chandler.Rogers@example.com",
    "is_staff": false,
    "is_active": true,
    "date_joined": "2021-02-25T14:34:14.017Z",
    "groups": [],
    "user_permissions": []
  }
},
{
  "model": "auth.user",
  "pk": 130,
  "fields": {
    "password": "pbkdf2_sha256$216000$85GAtZ2bnNki$6Wzbzbbdne+oOe/HuJrXEptjykH5djna/XijqxWlsIw=",
    "last_login": null,
    "is_superuser": false,
    "username": "CWayne",
    "first_name": "Clark",
    "last_name": "Wayne",
    "email": "Clark.Wayne@example.com",
    "is_staff": false,
    "is_active": true,
    "date_joined": "2021-02-25T14:34:14.099Z",
    "groups": [],
    "user_permissions": []
  }
},
{
  "model": "auth.user",
  "pk": 131,
  "fields": {
    "password": "pbkdf2_sha256$216000$pFe5iuFDyYIZ$yd6wD9HP+vIV03y9ujxRvIoYsTx49oNhKGz3VHx0VEY=",
    "last_login": null,
    "is_superuser": false,
    "username": "HKent",
    "first_name": "Harley",
    "last_name": "Kent",
    "email": "Harley.Kent@example.com",
    "is_staff": false,
    "is_active": true,
    "date_joined": "2021-02-25T14:34:14.179Z",
    "groups": [],
    "user_permissions": []
  }
},
{
  "model": "auth.user",
  "pk": 132,
  "fields": {
    "password": "pbkdf2_sha256$216000$nnBPzyTRvczu$siETTV7etZMsvwS3uzRAU9ImZ/spFZFFbWixgco7ai4=",
    "last_login": null,
    "is_superuser": false,
    "username": "SWilson",
    "first_name": "Selina",
    "last_name": "Wilson",
    "email": "Selina.Wilson@example.com",
    "is_staff": false,
    "is_active": true,
    "date_joined": "2021-02-25T14:34:14.257Z",
    "groups": [],
    "user_permissions": []
  }
},
{
  "model": "auth.user",
  "pk": 133,
  "fields": {
    "password": "pbkdf2_sha256$216000$7czx53uiGh9o$phF6WC/uSJX6C9zYXNKt0a8LT3yLNu7t4aAiGH1Js68=",
    "last_login": null,
    "is_superuser": false,
    "username": "MQuinn",
    "first_name": "Miguel",
    "last_name": "Quinn",
    "email": "Miguel.Quinn@example.com",
    "is_staff": false,
    "is_active": true,
    "date_joined": "2021-02-25T14:34:14.336Z",
    "groups": [],
    "user_permissions": []
  }
},
{
  "model": "auth.user",
  "pk": 134,
  "fields": {
    "password": "pbkdf2_sha256$216000$RlQuuIA47DZN$26TsxfY8+9fbtkuOn+ZzxaK6nc8Kp1ixhOEuwKGbXxk=",
    "last_login": null,
    "is_superuser": false,
    "username": "TKyle",
    "first_name": "Tulio",
    "last_name": "Kyle",
    "email": "Tulio.Kyle@example.com",
    "is_staff": false,
    "is_active": true,
    "date_joined": "2021-02-25T14:34:14.414Z",
    "groups": [],
    "user_permissions": []
  }
},
{
  "model": "auth.user",
  "pk": 135,
  "fields": {
    "password": "pbkdf2_sha256$216000$fTaWmYnUlPme$UMZJ38oIBkUCRMw0q4qReOgkLaGgjmzrTt9lq4+TLhw=",
    "last_login": null,
    "is_superuser": false,
    "username": "DJohnson",
    "first_name": "Danny",
    "last_name": "Johnson",
    "email": "Danny.Johnson@example.com",
    "is_staff": false,
    "is_active": true,
    "date_joined": "2021-02-25T14:34:14.494Z",
    "groups": [],
    "user_permissions": []
  }
},
{
  "model": "auth.user",
  "pk": 136,
  "fields": {
    "password": "pbkdf2_sha256$216000$zFBQjg2ImuH9$wg3GK7N8BT4X8KbtWblhZmF03CtDZoxmpXYSIgGjmQU=",
    "last_login": null,
    "is_superuser": false,
    "username": "KLuceum",
    "first_name": "Kevin",
    "last_name": "Luceum",
    "email": "Kevin.Luceum@example.com",
    "is_staff": false,
    "is_active": true,
    "date_joined": "2021-02-25T14:34:14.578Z",
    "groups": [],
    "user_permissions": []
  }
},
{
  "model": "auth.user",
  "pk": 137,
  "fields": {
    "password": "pbkdf2_sha256$216000$TBBOQ8U7kSKu$XG3dU+WaPDXWeHwuAJ7uEA6oigiSiD0pBumnceI7UyM=",
    "last_login": null,
    "is_superuser": false,
    "username": "MCole",
    "first_name": "Mario",
    "last_name": "Cole",
    "email": "Mario.Cole@example.com",
    "is_staff": false,
    "is_active": true,
    "date_joined": "2021-02-25T14:34:14.657Z",
    "groups": [],
    "user_permissions": []
  }
},
{
  "model": "auth.user",
  "pk": 138,
  "fields": {
    "password": "pbkdf2_sha256$216000$JQi0HLicyw3w$vo9nmXd6SJttzMHJM/ZNWpv02Yj9l//wQDOBxYgpdhw=",
    "last_login": null,
    "is_superuser": false,
    "username": "PSmith",
    "first_name": "Peach",
    "last_name": "Smith",
    "email": "Peach.Smith@example.com",
    "is_staff": false,
    "is_active": true,
    "date_joined": "2021-02-25T14:34:14.742Z",
    "groups": [],
    "user_permissions": []
  }
},
{
  "model": "auth.user",
  "pk": 139,
  "fields": {
    "password": "pbkdf2_sha256$216000$y6Nak74gdlBP$4rz8+cjkgt5lg30TSrl1gpLXEXOCSdyRB8q1DPV62Iw=",
    "last_login": null,
    "is_superuser": false,
    "username": "LKite",
    "first_name": "Luigi",
    "last_name": "Kite",
    "email": "Luigi.Kite@example.com",
    "is_staff": false,
    "is_active": true,
    "date_joined": "2021-02-25T14:34:14.821Z",
    "groups": [],
    "user_permissions": []
  }
},
{
  "model": "auth.user",
  "pk": 140,
  "fields": {
    "password": "pbkdf2_sha256$216000$ZxOW2LcV5k9G$uRGSGuxbgq1iOExw8f3zyXOBVVyomLBZyCTRf3HDX2o=",
    "last_login": null,
    "is_superuser": false,
    "username": "DKuczmejno",
    "first_name": "Doug",
    "last_name": "Kuczmejno",
    "email": "Doug.Kuczmejno@example.com",
    "is_staff": false,
    "is_active": true,
    "date_joined": "2021-02-25T14:34:14.902Z",
    "groups": [],
    "user_permissions": []
  }
},
{
  "model": "auth.user",
  "pk": 141,
  "fields": {
    "password": "pbkdf2_sha256$216000$7KOS86DwaNRm$qhHHFCvKQyWTOP86Lzh1ZLvm81O97pmkno8nyrfm9Tg=",
    "last_login": null,
    "is_superuser": false,
    "username": "CHyman",
    "first_name": "Cloud",
    "last_name": "Hyman",
    "email": "Cloud.Hyman@example.com",
    "is_staff": false,
    "is_active": true,
    "date_joined": "2021-02-25T14:34:14.983Z",
    "groups": [],
    "user_permissions": []
  }
},
{
  "model": "auth.user",
  "pk": 142,
  "fields": {
    "password": "pbkdf2_sha256$216000$4LKeIf3WPfNI$wG3JUAQDaUNeVX6ujC+fqUDLDKv8o8YzioPwhHVn984=",
    "last_login": null,
    "is_superuser": false,
    "username": "LJacobs",
    "first_name": "Leon",
    "last_name": "Jacobs",
    "email": "Leon.Jacobs@example.com",
    "is_staff": false,
    "is_active": true,
    "date_joined": "2021-02-25T14:34:15.063Z",
    "groups": [],
    "user_permissions": []
  }
},
{
  "model": "auth.user",
  "pk": 143,
  "fields": {
    "password": "pbkdf2_sha256$216000$tvWG8gmhuFkq$u7DlOE/8Uff4+GEVgoPTz2rECXs6ByByZnnkfIurvjo=",
    "last_login": null,
    "is_superuser": false,
    "username": "SDaniels",
    "first_name": "Squal",
    "last_name": "Daniels",
    "email": "Squal.Daniels@example.com",
    "is_staff": false,
    "is_active": true,
    "date_joined": "2021-02-25T14:34:15.144Z",
    "groups": [],
    "user_permissions": []
  }
},
{
  "model": "auth.user",
  "pk": 144,
  "fields": {
    "password": "pbkdf2_sha256$216000$m1mD4tPbUf1Q$OTZth+0tSNgCbO4Tfnt/XbuO6iKN3z4bvc4RzBvx0oU=",
    "last_login": null,
    "is_superuser": false,
    "username": "ZSorenson",
    "first_name": "Zidane",
    "last_name": "Sorenson",
    "email": "Zidane.Sorenson@example.com",
    "is_staff": false,
    "is_active": true,
    "date_joined": "2021-02-25T14:34:15.223Z",
    "groups": [],
    "user_permissions": []
  }
},
{
  "model": "auth.user",
  "pk": 145,
  "fields": {
    "password": "pbkdf2_sha256$216000$8NTfcl7xDmza$ZOBEAzW/y3XVO4z3BqyUymCIYv7Jz7mOheEumxdInts=",
    "last_login": null,
    "is_superuser": false,
    "username": "SPotter",
    "first_name": "Sora",
    "last_name": "Potter",
    "email": "Sora.Potter@example.com",
    "is_staff": false,
    "is_active": true,
    "date_joined": "2021-02-25T14:34:15.304Z",
    "groups": [],
    "user_permissions": []
  }
},
{
  "model": "auth.user",
  "pk": 146,
  "fields": {
    "password": "pbkdf2_sha256$216000$fhYeZDAaWoAU$sYLxYmUzRvOmhCc4mTgl1SjlYDltyXDIynQLrxfeVrI=",
    "last_login": null,
    "is_superuser": false,
    "username": "GBull",
    "first_name": "Garnet",
    "last_name": "Bull",
    "email": "Garnet.Bull@example.com",
    "is_staff": false,
    "is_active": true,
    "date_joined": "2021-02-25T14:34:15.383Z",
    "groups": [],
    "user_permissions": []
  }
},
{
  "model": "auth.user",
  "pk": 147,
  "fields": {
    "password": "pbkdf2_sha256$216000$HTj7ohExuSLg$WEOcVqspLmZc5TuLBMEuJ42tv1cvxFvvZYjsFBa484A=",
    "last_login": null,
    "is_superuser": false,
    "username": "RReed",
    "first_name": "Roy",
    "last_name": "Reed",
    "email": "Roy.Reed@example.com",
    "is_staff": false,
    "is_active": true,
    "date_joined": "2021-02-25T14:34:15.463Z",
    "groups": [],
    "user_permissions": []
  }
},
{
  "model": "auth.user",
  "pk": 148,
  "fields": {
    "password": "pbkdf2_sha256$216000$AaBFF5TCZeTA$scBxWMFyP3Q7wl4bA+yrpzRHplkTftX9EYnc+mcKmzY=",
    "last_login": null,
    "is_superuser": false,
    "username": "RReid",
    "first_name": "Rose",
    "last_name": "Reid",
    "email": "Rose.Reid@example.com",
    "is_staff": false,
    "is_active": true,
    "date_joined": "2021-02-25T14:34:15.544Z",
    "groups": [],
    "user_permissions": []
  }
},
{
  "model": "auth.user",
  "pk": 149,
  "fields": {
    "password": "pbkdf2_sha256$216000$6MZGqdOMNbZn$45bYWR8dtlW4c2qROXYLDMEs6LG48xmF1zs+lTp2ghI=",
    "last_login": null,
    "is_superuser": false,
    "username": "JParrick",
    "first_name": "Jack",
    "last_name": "Parrick",
    "email": "Jack.Parrick@example.com",
    "is_staff": false,
    "is_active": true,
    "date_joined": "2021-02-25T14:34:15.623Z",
    "groups": [],
    "user_permissions": []
  }
},
{
  "model": "auth.user",
  "pk": 150,
  "fields": {
    "password": "pbkdf2_sha256$216000$7yKjSIHVUaQe$tbzwIpNrZw+BX7SsjOZv3K+kDB5KBDjS62gzBNQkN+k=",
    "last_login": null,
    "is_superuser": false,
    "username": "TGreen",
    "first_name": "Tifa",
    "last_name": "Green",
    "email": "Tifa.Green@example.com",
    "is_staff": false,
    "is_active": true,
    "date_joined": "2021-02-25T14:34:15.702Z",
    "groups": [],
    "user_permissions": []
  }
},
{
  "model": "auth.user",
  "pk": 151,
  "fields": {
    "password": "pbkdf2_sha256$216000$gg5nFnxBs2F0$CHZnWLOsgZqd2Dd993PDXLHCY2AHzcmREZJrtsv74b4=",
    "last_login": null,
    "is_superuser": false,
    "username": "AMaddams",
    "first_name": "Aerith",
    "last_name": "Maddams",
    "email": "Aerith.Maddams@example.com",
    "is_staff": false,
    "is_active": true,
    "date_joined": "2021-02-25T14:34:15.780Z",
    "groups": [],
    "user_permissions": []
  }
},
{
  "model": "auth.user",
  "pk": 152,
  "fields": {
    "password": "pbkdf2_sha256$216000$dICJ3V2abDqw$Zea9Bi+y7ik2e8WsaK4p3wxph+D/rTWHHONaiASekyY=",
    "last_login": null,
    "is_superuser": false,
    "username": "AAdams",
    "first_name": "Aeris",
    "last_name": "Adams",
    "email": "Aeris.Adams@example.com",
    "is_staff": false,
    "is_active": true,
    "date_joined": "2021-02-25T14:34:15.868Z",
    "groups": [],
    "user_permissions": []
  }
},
{
  "model": "auth.user",
  "pk": 153,
  "fields": {
    "password": "pbkdf2_sha256$216000$moI80lo6Odgs$SNgL2T+KvYXbuc94OHJnSMsu+WA4vaO9EYPG32Quu7g=",
    "last_login": null,
    "is_superuser": false,
    "username": "SDuthie",
    "first_name": "Shaoib",
    "last_name": "Duthie",
    "email": "Shaoib.Duthie@example.com",
    "is_staff": false,
    "is_active": true,
    "date_joined": "2021-02-25T14:34:15.949Z",
    "groups": [],
    "user_permissions": []
  }
},
{
  "model": "auth.user",
  "pk": 154,
  "fields": {
    "password": "pbkdf2_sha256$216000$Q5GEYJntqqZC$2v+3EOS8tOk7U/zPTfo7ZQCNqWYDRDCXq1GDs4nKhSg=",
    "last_login": null,
    "is_superuser": false,
    "username": "VTen",
    "first_name": "Vishnu",
    "last_name": "Ten",
    "email": "Vishnu.Ten@example.com",
    "is_staff": false,
    "is_active": true,
    "date_joined": "2021-02-25T14:34:16.028Z",
    "groups": [],
    "user_permissions": []
  }
},
{
  "model": "auth.user",
  "pk": 155,
  "fields": {
    "password": "pbkdf2_sha256$216000$GLpd18ZpSHB1$O3jPnfBjokGJKV+O65ZnppiNSReMxJjnXzShPTVtQ1M=",
    "last_login": null,
    "is_superuser": false,
    "username": "ENien",
    "first_name": "Erdrick",
    "last_name": "Nien",
    "email": "Erdrick.Nien@example.com",
    "is_staff": false,
    "is_active": true,
    "date_joined": "2021-02-25T14:34:16.108Z",
    "groups": [],
    "user_permissions": []
  }
},
{
  "model": "auth.user",
  "pk": 156,
  "fields": {
    "password": "pbkdf2_sha256$216000$NNp13zpQEk4R$tzguioph82aXMCDX2U0cTYdoGY80jGZ2q8vZT55CcnI=",
    "last_login": null,
    "is_superuser": false,
    "username": "KAhyt",
    "first_name": "Kratos",
    "last_name": "Ahyt",
    "email": "Kratos.Ahyt@example.com",
    "is_staff": false,
    "is_active": true,
    "date_joined": "2021-02-25T14:34:16.188Z",
    "groups": [],
    "user_permissions": []
  }
},
{
  "model": "auth.user",
  "pk": 157,
  "fields": {
    "password": "pbkdf2_sha256$216000$OThCQwgvQGf4$kUJ7ydke1A4gYfFRPIEGwORqSHlg40kIBRiLNVbui0g=",
    "last_login": null,
    "is_superuser": false,
    "username": "ASehven",
    "first_name": "Aloy",
    "last_name": "Sehven",
    "email": "Aloy.Sehven@example.com",
    "is_staff": false,
    "is_active": true,
    "date_joined": "2021-02-25T14:34:16.268Z",
    "groups": [],
    "user_permissions": []
  }
},
{
  "model": "auth.user",
  "pk": 158,
  "fields": {
    "password": "pbkdf2_sha256$216000$3Q4l6ndZegQQ$RJrl15ZM+Yv1PsXqZw2OOEUD9vyKIRnem76bp8cwzlY=",
    "last_login": null,
    "is_superuser": false,
    "username": "RSicks",
    "first_name": "Rey",
    "last_name": "Sicks",
    "email": "Rey.Sicks@example.com",
    "is_staff": false,
    "is_active": true,
    "date_joined": "2021-02-25T14:34:16.348Z",
    "groups": [],
    "user_permissions": []
  }
},
{
  "model": "auth.user",
  "pk": 159,
  "fields": {
    "password": "pbkdf2_sha256$216000$PZvOlpbBWcEL$B7aPf4rpeFsN+EhK1+U6VnMt9bNRdnYDfkMjGnvhAkc=",
    "last_login": null,
    "is_superuser": false,
    "username": "FThighve",
    "first_name": "Finn",
    "last_name": "Thighve",
    "email": "Finn.Thighve@example.com",
    "is_staff": false,
    "is_active": true,
    "date_joined": "2021-02-25T14:34:16.429Z",
    "groups": [],
    "user_permissions": []
  }
},
{
  "model": "auth.user",
  "pk": 160,
  "fields": {
    "password": "pbkdf2_sha256$216000$N9Aso0jVoMl4$Z0xvZtXxevzO8V2nTTRfiAtP1QJjoq06EMMIKIWjdt8=",
    "last_login": null,
    "is_superuser": false,
    "username": "CFree",
    "first_name": "Clive",
    "last_name": "Free",
    "email": "Clive.Free@example.com",
    "is_staff": false,
    "is_active": true,
    "date_joined": "2021-02-25T14:34:16.510Z",
    "groups": [],
    "user_permissions": []
  }
},
{
  "model": "auth.user",
  "pk": 161,
  "fields": {
    "password": "pbkdf2_sha256$216000$Ot2CLoSSXpV9$FyAcO8QWjPu0dCPwzqGJZnNeCxo4CZb9XePoKgeLbhs=",
    "last_login": null,
    "is_superuser": false,
    "username": "JToo",
    "first_name": "Joshua",
    "last_name": "Too",
    "email": "Joshua.Too@example.com",
    "is_staff": false,
    "is_active": true,
    "date_joined": "2021-02-25T14:34:16.591Z",
    "groups": [],
    "user_permissions": []
  }
},
{
  "model": "auth.user",
  "pk": 162,
  "fields": {
    "password": "pbkdf2_sha256$216000$TP2I3G9Ooto8$TNVKBtElaCbSlMEbYXr3uIRke4btHF/FJkt5deGYaxc=",
    "last_login": null,
    "is_superuser": false,
    "username": "JWun",
    "first_name": "Jill",
    "last_name": "Wun",
    "email": "Jill.Wun@example.com",
    "is_staff": false,
    "is_active": true,
    "date_joined": "2021-02-25T14:34:16.673Z",
    "groups": [],
    "user_permissions": []
  }
},
{
  "model": "auth.user",
  "pk": 163,
  "fields": {
    "password": "pbkdf2_sha256$216000$a3TlTFycYtTR$8uXs/gGUUVxFD5QY7RL1QlalR+B6AyXUE4jTU+EGtAM=",
    "last_login": null,
    "is_superuser": false,
    "username": "CNull",
    "first_name": "Chris",
    "last_name": "Null",
    "email": "Chris.Null@example.com",
    "is_staff": false,
    "is_active": true,
    "date_joined": "2021-02-25T14:34:16.751Z",
    "groups": [],
    "user_permissions": []
  }
},
{
  "model": "auth.user",
  "pk": 164,
  "fields": {
    "password": "pbkdf2_sha256$216000$BSpLw2Dh6fXN$U2G/eteOAm3Q97H3FeQHDYYvuowTq5s0TH0MPK7//Jk=",
    "last_login": "2021-02-25T14:35:09.289Z",
    "is_superuser": true,
    "username": "dev",
    "first_name": "",
    "last_name": "",
    "email": "",
    "is_staff": true,
    "is_active": true,
    "date_joined": "2021-02-25T14:34:57.225Z",
    "groups": [],
    "user_permissions": []
  }
},
{
  "model": "sessions.session",
  "pk": "rm2lgf17oh0kj4brwrwzf8ll26kww330",
  "fields": {
    "session_data": ".eJxVjEsOAiEQBe_C2hAYoAGX7j0DaZpGRs2QzGdlvLtOMgvdvqp6L5FwW1vaFp7TWMRZaLDi9LtmpAdPOyp3nG5dUp_WecxyV-RBF3nthZ-Xw_07aLi0b60CmpCzclw9KeeMrsQ1RgJj0ALrygg-DujReoeKYPAlgyMuFBiieH8APIg42Q:1lFHjR:wiSukV8BlZ_gYd84Y3CWxoJC0g91O1j4eEdBdPmbtdA",
    "expire_date": "2021-03-11T14:35:09.292Z"
  }
},
{
  "model": "CC.rfidconnection",
  "pk": 24,
  "fields": {
    "uid": "7767",
    "sanitizer": 1574,
    "time_dispensed": "2021-02-25T15:35:25Z",
    "time_spent": 8,
    "volume_used": 2
  }
},
{
  "model": "CC.rfidconnection",
  "pk": 25,
  "fields": {
    "uid": "3867",
    "sanitizer": 1571,
    "time_dispensed": "2021-02-25T15:35:31Z",
    "time_spent": 2,
    "volume_used": 2
  }
},
{
  "model": "CC.rfidconnection",
  "pk": 26,
  "fields": {
    "uid": "7767",
    "sanitizer": 1576,
    "time_dispensed": "2021-02-25T15:35:23Z",
    "time_spent": 11,
    "volume_used": 2
  }
},
{
  "model": "CC.rfidconnection",
  "pk": 27,
  "fields": {
    "uid": "9404",
    "sanitizer": 1572,
    "time_dispensed": "2021-02-25T15:35:27Z",
    "time_spent": 19,
    "volume_used": 2
  }
},
{
  "model": "CC.rfidconnection",
  "pk": 28,
  "fields": {
    "uid": "5865",
    "sanitizer": 1572,
    "time_dispensed": "2021-02-25T15:35:29Z",
    "time_spent": 17,
    "volume_used": 2
  }
},
{
  "model": "CC.rfidconnection",
  "pk": 29,
  "fields": {
    "uid": "7115",
    "sanitizer": 1575,
    "time_dispensed": "2021-02-25T15:35:49Z",
    "time_spent": 2,
    "volume_used": 2
  }
},
{
  "model": "CC.rfidconnection",
  "pk": 30,
  "fields": {
    "uid": "5190",
    "sanitizer": 1570,
    "time_dispensed": "2021-02-25T15:35:49Z",
    "time_spent": 5,
    "volume_used": 2
  }
},
{
  "model": "CC.rfidconnection",
  "pk": 31,
  "fields": {
    "uid": "5482",
    "sanitizer": 1575,
    "time_dispensed": "2021-02-25T15:35:53Z",
    "time_spent": 4,
    "volume_used": 2
  }
},
{
  "model": "CC.rfidconnection",
  "pk": 32,
  "fields": {
    "uid": "4266",
    "sanitizer": 1576,
    "time_dispensed": "2021-02-25T15:35:49Z",
    "time_spent": 9,
    "volume_used": 2
  }
},
{
  "model": "CC.rfidconnection",
  "pk": 33,
  "fields": {
    "uid": "2504",
    "sanitizer": 1572,
    "time_dispensed": "2021-02-25T15:35:49Z",
    "time_spent": 9,
    "volume_used": 2
  }
},
{
  "model": "CC.rfidconnection",
  "pk": 34,
  "fields": {
    "uid": "5785",
    "sanitizer": 1574,
    "time_dispensed": "2021-02-25T15:35:49Z",
    "time_spent": 10,
    "volume_used": 2
  }
},
{
  "model": "CC.rfidconnection",
  "pk": 35,
  "fields": {
    "uid": "8335",
    "sanitizer": 1575,
    "time_dispensed": "2021-02-25T15:35:49Z",
    "time_spent": 16,
    "volume_used": 2
  }
},
{
  "model": "CC.rfidconnection",
  "pk": 36,
  "fields": {
    "uid": "6057",
    "sanitizer": 1571,
    "time_dispensed": "2021-02-25T15:35:51Z",
    "time_spent": 14,
    "volume_used": 2
  }
},
{
  "model": "CC.rfidconnection",
  "pk": 37,
  "fields": {
    "uid": "6289",
    "sanitizer": 1571,
    "time_dispensed": "2021-02-25T15:35:49Z",
    "time_spent": 18,
    "volume_used": 2
  }
},
{
  "model": "CC.rfidconnection",
  "pk": 38,
  "fields": {
    "uid": "7611",
    "sanitizer": 1571,
    "time_dispensed": "2021-02-25T15:36:54Z",
    "time_spent": 4,
    "volume_used": 2
  }
},
{
  "model": "CC.rfidconnection",
  "pk": 39,
  "fields": {
    "uid": "5002",
    "sanitizer": 1573,
    "time_dispensed": "2021-02-25T15:36:54Z",
    "time_spent": 5,
    "volume_used": 2
  }
},
{
  "model": "CC.rfidconnection",
  "pk": 40,
  "fields": {
    "uid": "5002",
    "sanitizer": 1576,
    "time_dispensed": "2021-02-25T15:36:54Z",
    "time_spent": 5,
    "volume_used": 2
  }
},
{
  "model": "CC.rfidconnection",
  "pk": 41,
  "fields": {
    "uid": "4907",
    "sanitizer": 1574,
    "time_dispensed": "2021-02-25T15:36:54Z",
    "time_spent": 8,
    "volume_used": 2
  }
},
{
  "model": "CC.rfidconnection",
  "pk": 42,
  "fields": {
    "uid": "1305",
    "sanitizer": 1570,
    "time_dispensed": "2021-02-25T15:36:58Z",
    "time_spent": 6,
    "volume_used": 2
  }
},
{
  "model": "CC.rfidconnection",
  "pk": 43,
  "fields": {
    "uid": "7219",
    "sanitizer": 1570,
    "time_dispensed": "2021-02-25T15:37:00Z",
    "time_spent": 6,
    "volume_used": 2
  }
},
{
  "model": "CC.rfidconnection",
  "pk": 44,
  "fields": {
    "uid": "6351",
    "sanitizer": 1573,
    "time_dispensed": "2021-02-25T15:36:54Z",
    "time_spent": 13,
    "volume_used": 2
  }
},
{
  "model": "CC.rfidconnection",
  "pk": 45,
  "fields": {
    "uid": "1305",
    "sanitizer": 1576,
    "time_dispensed": "2021-02-25T15:36:54Z",
    "time_spent": 13,
    "volume_used": 2
  }
},
{
  "model": "CC.rfidconnection",
  "pk": 46,
  "fields": {
    "uid": "7418",
    "sanitizer": 1571,
    "time_dispensed": "2021-02-25T15:36:56Z",
    "time_spent": 14,
    "volume_used": 2
  }
},
{
  "model": "CC.rfidconnection",
  "pk": 47,
  "fields": {
    "uid": "7089",
    "sanitizer": 1575,
    "time_dispensed": "2021-02-25T15:37:50Z",
    "time_spent": 13,
    "volume_used": 2
  }
},
{
  "model": "CC.achievement",
  "pk": 22,
  "fields": {
    "employee": 383,
    "department": null,
    "name": null,
    "value": 1,
    "created_at": "2021-02-25T14:35:33Z",
    "updated_at": "2021-02-25T14:35:33Z"
  }
},
{
  "model": "CC.achievement",
  "pk": 23,
  "fields": {
    "employee": 340,
    "department": null,
    "name": null,
    "value": 1,
    "created_at": "2021-02-25T14:35:33Z",
    "updated_at": "2021-02-25T14:35:33Z"
  }
},
{
  "model": "CC.achievement",
  "pk": 24,
  "fields": {
    "employee": 395,
    "department": null,
    "name": null,
    "value": 1,
    "created_at": "2021-02-25T14:35:46Z",
    "updated_at": "2021-02-25T14:35:46Z"
  }
},
{
  "model": "CC.achievement",
  "pk": 25,
  "fields": {
    "employee": 361,
    "department": null,
    "name": null,
    "value": 1,
    "created_at": "2021-02-25T14:35:46Z",
    "updated_at": "2021-02-25T14:35:46Z"
  }
},
{
  "model": "CC.achievement",
  "pk": 26,
  "fields": {
    "employee": 373,
    "department": null,
    "name": null,
    "value": 1,
    "created_at": "2021-02-25T14:35:51Z",
    "updated_at": "2021-02-25T14:35:51Z"
  }
},
{
  "model": "CC.achievement",
  "pk": 27,
  "fields": {
    "employee": 354,
    "department": null,
    "name": null,
    "value": 1,
    "created_at": "2021-02-25T14:35:54Z",
    "updated_at": "2021-02-25T14:35:54Z"
  }
},
{
  "model": "CC.achievement",
  "pk": 28,
  "fields": {
    "employee": 358,
    "department": null,
    "name": null,
    "value": 1,
    "created_at": "2021-02-25T14:35:57Z",
    "updated_at": "2021-02-25T14:35:57Z"
  }
},
{
  "model": "CC.achievement",
  "pk": 29,
  "fields": {
    "employee": 345,
    "department": null,
    "name": null,
    "value": 1,
    "created_at": "2021-02-25T14:35:58Z",
    "updated_at": "2021-02-25T14:35:58Z"
  }
},
{
  "model": "CC.achievement",
  "pk": 30,
  "fields": {
    "employee": 331,
    "department": null,
    "name": null,
    "value": 1,
    "created_at": "2021-02-25T14:35:58Z",
    "updated_at": "2021-02-25T14:35:58Z"
  }
},
{
  "model": "CC.achievement",
  "pk": 31,
  "fields": {
    "employee": 360,
    "department": null,
    "name": null,
    "value": 1,
    "created_at": "2021-02-25T14:35:59Z",
    "updated_at": "2021-02-25T14:35:59Z"
  }
},
{
  "model": "CC.achievement",
  "pk": 32,
  "fields": {
    "employee": 386,
    "department": null,
    "name": null,
    "value": 1,
    "created_at": "2021-02-25T14:36:05Z",
    "updated_at": "2021-02-25T14:36:05Z"
  }
},
{
  "model": "CC.achievement",
  "pk": 33,
  "fields": {
    "employee": 363,
    "department": null,
    "name": null,
    "value": 1,
    "created_at": "2021-02-25T14:36:05Z",
    "updated_at": "2021-02-25T14:36:05Z"
  }
},
{
  "model": "CC.achievement",
  "pk": 34,
  "fields": {
    "employee": 366,
    "department": null,
    "name": null,
    "value": 1,
    "created_at": "2021-02-25T14:36:07Z",
    "updated_at": "2021-02-25T14:36:07Z"
  }
},
{
  "model": "CC.achievement",
  "pk": 35,
  "fields": {
    "employee": 381,
    "department": null,
    "name": null,
    "value": 1,
    "created_at": "2021-02-25T14:36:59Z",
    "updated_at": "2021-02-25T14:36:59Z"
  }
},
{
  "model": "CC.achievement",
  "pk": 36,
  "fields": {
    "employee": 352,
    "department": null,
    "name": null,
    "value": 1,
    "created_at": "2021-02-25T14:37:00Z",
    "updated_at": "2021-02-25T14:37:00Z"
  }
},
{
  "model": "CC.achievement",
  "pk": 37,
  "fields": {
    "employee": 352,
    "department": null,
    "name": null,
    "value": 1,
    "created_at": "2021-02-25T14:37:00Z",
    "updated_at": "2021-02-25T14:37:00Z"
  }
},
{
  "model": "CC.achievement",
  "pk": 38,
  "fields": {
    "employee": 349,
    "department": null,
    "name": null,
    "value": 1,
    "created_at": "2021-02-25T14:37:03Z",
    "updated_at": "2021-02-25T14:37:03Z"
  }
},
{
  "model": "CC.achievement",
  "pk": 39,
  "fields": {
    "employee": 325,
    "department": null,
    "name": null,
    "value": 1,
    "created_at": "2021-02-25T14:37:04Z",
    "updated_at": "2021-02-25T14:37:04Z"
  }
},
{
  "model": "CC.achievement",
  "pk": 40,
  "fields": {
    "employee": 375,
    "department": null,
    "name": null,
    "value": 1,
    "created_at": "2021-02-25T14:37:06Z",
    "updated_at": "2021-02-25T14:37:06Z"
  }
},
{
  "model": "CC.achievement",
  "pk": 41,
  "fields": {
    "employee": 367,
    "department": null,
    "name": null,
    "value": 1,
    "created_at": "2021-02-25T14:37:08Z",
    "updated_at": "2021-02-25T14:37:08Z"
  }
},
{
  "model": "CC.achievement",
  "pk": 42,
  "fields": {
    "employee": 380,
    "department": null,
    "name": null,
    "value": 1,
    "created_at": "2021-02-25T14:37:10Z",
    "updated_at": "2021-02-25T14:37:10Z"
  }
},
{
  "model": "CC.achievement",
  "pk": 43,
  "fields": {
    "employee": 372,
    "department": null,
    "name": null,
    "value": 1,
    "created_at": "2021-02-25T14:38:03Z",
    "updated_at": "2021-02-25T14:38:03Z"
  }
},
{
  "model": "CC.department",
  "pk": 21,
  "fields": {
    "name": "Radiotherapy",
    "goal": 9,
    "location": "Floor 1",
    "created_at": "2021-02-25T14:34:00Z",
    "updated_at": "2021-02-25T14:34:00Z"
  }
},
{
  "model": "CC.department",
  "pk": 22,
  "fields": {
    "name": "ICU",
    "goal": 9,
    "location": "Ground floor",
    "created_at": "2021-02-25T14:34:00Z",
    "updated_at": "2021-02-25T14:34:00Z"
  }
},
{
  "model": "CC.department",
  "pk": 23,
  "fields": {
    "name": "Cardiology",
    "goal": 9,
    "location": "Floor 2",
    "created_at": "2021-02-25T14:34:00Z",
    "updated_at": "2021-02-25T14:34:00Z"
  }
},
{
  "model": "CC.department",
  "pk": 24,
  "fields": {
    "name": "A&E",
    "goal": 9,
    "location": "Ground floor",
    "created_at": "2021-02-25T14:34:00Z",
    "updated_at": "2021-02-25T14:34:00Z"
  }
},
{
  "model": "CC.department",
  "pk": 25,
  "fields": {
    "name": "Pharmacy",
    "goal": 9,
    "location": "Floor 1",
    "created_at": "2021-02-25T14:34:00Z",
    "updated_at": "2021-02-25T14:34:00Z"
  }
},
{
  "model": "CC.employee",
  "pk": 321,
  "fields": {
    "uid": "1132",
    "first_name": "Aaron",
    "last_name": "Jones",
    "email": "Aaron.Jones@example.com",
    "department": 25,
    "risk_group": 25,
    "sick_day_id": null,
    "sick_days_left": null,
    "created_at": "2021-02-25T14:34:00Z",
    "updated_at": "2021-02-25T14:37:50Z"
  }
},
{
  "model": "CC.employee",
  "pk": 322,
  "fields": {
    "uid": "1135",
    "first_name": "Adam",
    "last_name": "Smith",
    "email": "Adam.Smith@example.com",
    "department": 25,
    "risk_group": 25,
    "sick_day_id": null,
    "sick_days_left": null,
    "created_at": "2021-02-25T14:34:00Z",
    "updated_at": "2021-02-25T14:37:50Z"
  }
},
{
  "model": "CC.employee",
  "pk": 323,
  "fields": {
    "uid": "1250",
    "first_name": "Jamie",
    "last_name": "Bloggs",
    "email": "Jamie.Bloggs@example.com",
    "department": 25,
    "risk_group": 25,
    "sick_day_id": null,
    "sick_days_left": null,
    "created_at": "2021-02-25T14:34:00Z",
    "updated_at": "2021-02-25T14:37:50Z"
  }
},
{
  "model": "CC.employee",
  "pk": 324,
  "fields": {
    "uid": "1257",
    "first_name": "Jade",
    "last_name": "Dias",
    "email": "Jade.Dias@example.com",
    "department": 21,
    "risk_group": 25,
    "sick_day_id": null,
    "sick_days_left": null,
    "created_at": "2021-02-25T14:34:00Z",
    "updated_at": "2021-02-25T14:37:50Z"
  }
},
{
  "model": "CC.employee",
  "pk": 325,
  "fields": {
    "uid": "1305",
    "first_name": "Jimmy",
    "last_name": "Markle",
    "email": "Jimmy.Markle@example.com",
    "department": 23,
    "risk_group": 25,
    "sick_day_id": null,
    "sick_days_left": null,
    "created_at": "2021-02-25T14:34:00Z",
    "updated_at": "2021-02-25T14:37:50Z"
  }
},
{
  "model": "CC.employee",
  "pk": 326,
  "fields": {
    "uid": "1444",
    "first_name": "Robert",
    "last_name": "Doe",
    "email": "Robert.Doe@example.com",
    "department": 21,
    "risk_group": 25,
    "sick_day_id": null,
    "sick_days_left": null,
    "created_at": "2021-02-25T14:34:00Z",
    "updated_at": "2021-02-25T14:37:50Z"
  }
},
{
  "model": "CC.employee",
  "pk": 327,
  "fields": {
    "uid": "1733",
    "first_name": "Luke",
    "last_name": "Smith",
    "email": "Luke.Smith@example.com",
    "department": 23,
    "risk_group": 25,
    "sick_day_id": null,
    "sick_days_left": null,
    "created_at": "2021-02-25T14:34:00Z",
    "updated_at": "2021-02-25T14:37:50Z"
  }
},
{
  "model": "CC.employee",
  "pk": 328,
  "fields": {
    "uid": "1740",
    "first_name": "Arif",
    "last_name": "Plisskin",
    "email": "Arif.Plisskin@example.com",
    "department": 25,
    "risk_group": 25,
    "sick_day_id": null,
    "sick_days_left": null,
    "created_at": "2021-02-25T14:34:00Z",
    "updated_at": "2021-02-25T14:37:50Z"
  }
},
{
  "model": "CC.employee",
  "pk": 329,
  "fields": {
    "uid": "2117",
    "first_name": "Micheal",
    "last_name": "Strife",
    "email": "Micheal.Strife@example.com",
    "department": 24,
    "risk_group": 25,
    "sick_day_id": null,
    "sick_days_left": null,
    "created_at": "2021-02-25T14:34:00Z",
    "updated_at": "2021-02-25T14:37:50Z"
  }
},
{
  "model": "CC.employee",
  "pk": 330,
  "fields": {
    "uid": "2405",
    "first_name": "Bob",
    "last_name": "Leonheart",
    "email": "Bob.Leonheart@example.com",
    "department": 25,
    "risk_group": 25,
    "sick_day_id": null,
    "sick_days_left": null,
    "created_at": "2021-02-25T14:34:00Z",
    "updated_at": "2021-02-25T14:37:50Z"
  }
},
{
  "model": "CC.employee",
  "pk": 331,
  "fields": {
    "uid": "2504",
    "first_name": "James",
    "last_name": "Tribal",
    "email": "James.Tribal@example.com",
    "department": 23,
    "risk_group": 25,
    "sick_day_id": null,
    "sick_days_left": null,
    "created_at": "2021-02-25T14:34:00Z",
    "updated_at": "2021-02-25T14:37:50Z"
  }
},
{
  "model": "CC.employee",
  "pk": 332,
  "fields": {
    "uid": "2553",
    "first_name": "Al",
    "last_name": "Gainsbourough",
    "email": "Al.Gainsbourough@example.com",
    "department": 24,
    "risk_group": 25,
    "sick_day_id": null,
    "sick_days_left": null,
    "created_at": "2021-02-25T14:34:00Z",
    "updated_at": "2021-02-25T14:37:50Z"
  }
},
{
  "model": "CC.employee",
  "pk": 333,
  "fields": {
    "uid": "2578",
    "first_name": "Alex",
    "last_name": "Lockheart",
    "email": "Alex.Lockheart@example.com",
    "department": 24,
    "risk_group": 25,
    "sick_day_id": null,
    "sick_days_left": null,
    "created_at": "2021-02-25T14:34:00Z",
    "updated_at": "2021-02-25T14:37:50Z"
  }
},
{
  "model": "CC.employee",
  "pk": 334,
  "fields": {
    "uid": "2893",
    "first_name": "Charlie",
    "last_name": "Kopparberd",
    "email": "Charlie.Kopparberd@example.com",
    "department": 25,
    "risk_group": 25,
    "sick_day_id": null,
    "sick_days_left": null,
    "created_at": "2021-02-25T14:34:00Z",
    "updated_at": "2021-02-25T14:37:50Z"
  }
},
{
  "model": "CC.employee",
  "pk": 335,
  "fields": {
    "uid": "3024",
    "first_name": "Knut",
    "last_name": "McDonald",
    "email": "Knut.McDonald@example.com",
    "department": 21,
    "risk_group": 25,
    "sick_day_id": null,
    "sick_days_left": null,
    "created_at": "2021-02-25T14:34:00Z",
    "updated_at": "2021-02-25T14:37:50Z"
  }
},
{
  "model": "CC.employee",
  "pk": 336,
  "fields": {
    "uid": "3099",
    "first_name": "Andrei",
    "last_name": "Tennant",
    "email": "Andrei.Tennant@example.com",
    "department": 22,
    "risk_group": 25,
    "sick_day_id": null,
    "sick_days_left": null,
    "created_at": "2021-02-25T14:34:00Z",
    "updated_at": "2021-02-25T14:37:50Z"
  }
},
{
  "model": "CC.employee",
  "pk": 337,
  "fields": {
    "uid": "3378",
    "first_name": "Hazim",
    "last_name": "Jones",
    "email": "Hazim.Jones@example.com",
    "department": 21,
    "risk_group": 25,
    "sick_day_id": null,
    "sick_days_left": null,
    "created_at": "2021-02-25T14:34:00Z",
    "updated_at": "2021-02-25T14:37:50Z"
  }
},
{
  "model": "CC.employee",
  "pk": 338,
  "fields": {
    "uid": "3576",
    "first_name": "Sam",
    "last_name": "Cloggs",
    "email": "Sam.Cloggs@example.com",
    "department": 25,
    "risk_group": 25,
    "sick_day_id": null,
    "sick_days_left": null,
    "created_at": "2021-02-25T14:34:00Z",
    "updated_at": "2021-02-25T14:37:50Z"
  }
},
{
  "model": "CC.employee",
  "pk": 339,
  "fields": {
    "uid": "3861",
    "first_name": "Megan",
    "last_name": "Fring",
    "email": "Megan.Fring@example.com",
    "department": 25,
    "risk_group": 27,
    "sick_day_id": null,
    "sick_days_left": null,
    "created_at": "2021-02-25T14:34:00Z",
    "updated_at": "2021-02-25T14:37:50Z"
  }
},
{
  "model": "CC.employee",
  "pk": 340,
  "fields": {
    "uid": "3867",
    "first_name": "Julie",
    "last_name": "Smith",
    "email": "Julie.Smith@example.com",
    "department": 24,
    "risk_group": 27,
    "sick_day_id": null,
    "sick_days_left": null,
    "created_at": "2021-02-25T14:34:00Z",
    "updated_at": "2021-02-25T14:37:50Z"
  }
},
{
  "model": "CC.employee",
  "pk": 341,
  "fields": {
    "uid": "4011",
    "first_name": "Jiminy",
    "last_name": "Dursley",
    "email": "Jiminy.Dursley@example.com",
    "department": 21,
    "risk_group": 27,
    "sick_day_id": null,
    "sick_days_left": null,
    "created_at": "2021-02-25T14:34:00Z",
    "updated_at": "2021-02-25T14:37:50Z"
  }
},
{
  "model": "CC.employee",
  "pk": 342,
  "fields": {
    "uid": "4100",
    "first_name": "Joseph",
    "last_name": "Potter",
    "email": "Joseph.Potter@example.com",
    "department": 25,
    "risk_group": 27,
    "sick_day_id": null,
    "sick_days_left": null,
    "created_at": "2021-02-25T14:34:00Z",
    "updated_at": "2021-02-25T14:37:50Z"
  }
},
{
  "model": "CC.employee",
  "pk": 343,
  "fields": {
    "uid": "4184",
    "first_name": "Leo",
    "last_name": "Trotter",
    "email": "Leo.Trotter@example.com",
    "department": 23,
    "risk_group": 27,
    "sick_day_id": null,
    "sick_days_left": null,
    "created_at": "2021-02-25T14:34:00Z",
    "updated_at": "2021-02-25T14:37:50Z"
  }
},
{
  "model": "CC.employee",
  "pk": 344,
  "fields": {
    "uid": "4221",
    "first_name": "Christopher",
    "last_name": "Pennyworth",
    "email": "Christopher.Pennyworth@example.com",
    "department": 22,
    "risk_group": 27,
    "sick_day_id": null,
    "sick_days_left": null,
    "created_at": "2021-02-25T14:34:00Z",
    "updated_at": "2021-02-25T14:37:50Z"
  }
},
{
  "model": "CC.employee",
  "pk": 345,
  "fields": {
    "uid": "4266",
    "first_name": "Samuel",
    "last_name": "Preda",
    "email": "Samuel.Preda@example.com",
    "department": 25,
    "risk_group": 27,
    "sick_day_id": null,
    "sick_days_left": null,
    "created_at": "2021-02-25T14:34:00Z",
    "updated_at": "2021-02-25T14:37:50Z"
  }
},
{
  "model": "CC.employee",
  "pk": 346,
  "fields": {
    "uid": "4600",
    "first_name": "Vernon",
    "last_name": "Sceats",
    "email": "Vernon.Sceats@example.com",
    "department": 22,
    "risk_group": 27,
    "sick_day_id": null,
    "sick_days_left": null,
    "created_at": "2021-02-25T14:34:00Z",
    "updated_at": "2021-02-25T14:37:50Z"
  }
},
{
  "model": "CC.employee",
  "pk": 347,
  "fields": {
    "uid": "4872",
    "first_name": "Nigel",
    "last_name": "Smeets",
    "email": "Nigel.Smeets@example.com",
    "department": 22,
    "risk_group": 27,
    "sick_day_id": null,
    "sick_days_left": null,
    "created_at": "2021-02-25T14:34:00Z",
    "updated_at": "2021-02-25T14:37:50Z"
  }
},
{
  "model": "CC.employee",
  "pk": 348,
  "fields": {
    "uid": "4902",
    "first_name": "Harry",
    "last_name": "Bown",
    "email": "Harry.Bown@example.com",
    "department": 21,
    "risk_group": 27,
    "sick_day_id": null,
    "sick_days_left": null,
    "created_at": "2021-02-25T14:34:00Z",
    "updated_at": "2021-02-25T14:37:50Z"
  }
},
{
  "model": "CC.employee",
  "pk": 349,
  "fields": {
    "uid": "4907",
    "first_name": "Undyne",
    "last_name": "Brown",
    "email": "Undyne.Brown@example.com",
    "department": 24,
    "risk_group": 27,
    "sick_day_id": null,
    "sick_days_left": null,
    "created_at": "2021-02-25T14:34:00Z",
    "updated_at": "2021-02-25T14:37:50Z"
  }
},
{
  "model": "CC.employee",
  "pk": 350,
  "fields": {
    "uid": "4918",
    "first_name": "Wendy",
    "last_name": "Urban",
    "email": "Wendy.Urban@example.com",
    "department": 22,
    "risk_group": 27,
    "sick_day_id": null,
    "sick_days_left": null,
    "created_at": "2021-02-25T14:34:00Z",
    "updated_at": "2021-02-25T14:37:50Z"
  }
},
{
  "model": "CC.employee",
  "pk": 351,
  "fields": {
    "uid": "4971",
    "first_name": "Patrick",
    "last_name": "Dross",
    "email": "Patrick.Dross@example.com",
    "department": 25,
    "risk_group": 27,
    "sick_day_id": null,
    "sick_days_left": null,
    "created_at": "2021-02-25T14:34:00Z",
    "updated_at": "2021-02-25T14:37:50Z"
  }
},
{
  "model": "CC.employee",
  "pk": 352,
  "fields": {
    "uid": "5002",
    "first_name": "Barry",
    "last_name": "Boss",
    "email": "Barry.Boss@example.com",
    "department": 25,
    "risk_group": 27,
    "sick_day_id": null,
    "sick_days_left": null,
    "created_at": "2021-02-25T14:34:00Z",
    "updated_at": "2021-02-25T14:37:50Z"
  }
},
{
  "model": "CC.employee",
  "pk": 353,
  "fields": {
    "uid": "5059",
    "first_name": "Frank",
    "last_name": "Loss",
    "email": "Frank.Loss@example.com",
    "department": 24,
    "risk_group": 27,
    "sick_day_id": null,
    "sick_days_left": null,
    "created_at": "2021-02-25T14:34:00Z",
    "updated_at": "2021-02-25T14:37:50Z"
  }
},
{
  "model": "CC.employee",
  "pk": 354,
  "fields": {
    "uid": "5190",
    "first_name": "Dave",
    "last_name": "Rowe",
    "email": "Dave.Rowe@example.com",
    "department": 22,
    "risk_group": 27,
    "sick_day_id": null,
    "sick_days_left": null,
    "created_at": "2021-02-25T14:34:00Z",
    "updated_at": "2021-02-25T14:37:50Z"
  }
},
{
  "model": "CC.employee",
  "pk": 355,
  "fields": {
    "uid": "5204",
    "first_name": "Jack",
    "last_name": "Applegate",
    "email": "Jack.Applegate@example.com",
    "department": 25,
    "risk_group": 27,
    "sick_day_id": null,
    "sick_days_left": null,
    "created_at": "2021-02-25T14:34:00Z",
    "updated_at": "2021-02-25T14:37:50Z"
  }
},
{
  "model": "CC.employee",
  "pk": 356,
  "fields": {
    "uid": "5205",
    "first_name": "Zelda",
    "last_name": "Binar",
    "email": "Zelda.Binar@example.com",
    "department": 21,
    "risk_group": 27,
    "sick_day_id": null,
    "sick_days_left": null,
    "created_at": "2021-02-25T14:34:00Z",
    "updated_at": "2021-02-25T14:37:50Z"
  }
},
{
  "model": "CC.employee",
  "pk": 357,
  "fields": {
    "uid": "5440",
    "first_name": "Patricia",
    "last_name": "Hexa",
    "email": "Patricia.Hexa@example.com",
    "department": 21,
    "risk_group": 27,
    "sick_day_id": null,
    "sick_days_left": null,
    "created_at": "2021-02-25T14:34:00Z",
    "updated_at": "2021-02-25T14:37:50Z"
  }
},
{
  "model": "CC.employee",
  "pk": 358,
  "fields": {
    "uid": "5482",
    "first_name": "Freddie",
    "last_name": "See",
    "email": "Freddie.See@example.com",
    "department": 25,
    "risk_group": 27,
    "sick_day_id": null,
    "sick_days_left": null,
    "created_at": "2021-02-25T14:34:00Z",
    "updated_at": "2021-02-25T14:37:50Z"
  }
},
{
  "model": "CC.employee",
  "pk": 359,
  "fields": {
    "uid": "5536",
    "first_name": "Jemery",
    "last_name": "Seeplusplus",
    "email": "Jemery.Seeplusplus@example.com",
    "department": 21,
    "risk_group": 27,
    "sick_day_id": null,
    "sick_days_left": null,
    "created_at": "2021-02-25T14:34:00Z",
    "updated_at": "2021-02-25T14:37:50Z"
  }
},
{
  "model": "CC.employee",
  "pk": 360,
  "fields": {
    "uid": "5785",
    "first_name": "Mike",
    "last_name": "Seesharp",
    "email": "Mike.Seesharp@example.com",
    "department": 24,
    "risk_group": 27,
    "sick_day_id": null,
    "sick_days_left": null,
    "created_at": "2021-02-25T14:34:00Z",
    "updated_at": "2021-02-25T14:37:50Z"
  }
},
{
  "model": "CC.employee",
  "pk": 361,
  "fields": {
    "uid": "5865",
    "first_name": "Pheobe",
    "last_name": "Pie",
    "email": "Pheobe.Pie@example.com",
    "department": 25,
    "risk_group": 27,
    "sick_day_id": null,
    "sick_days_left": null,
    "created_at": "2021-02-25T14:34:00Z",
    "updated_at": "2021-02-25T14:37:50Z"
  }
},
{
  "model": "CC.employee",
  "pk": 362,
  "fields": {
    "uid": "6020",
    "first_name": "Rachel",
    "last_name": "Thon",
    "email": "Rachel.Thon@example.com",
    "department": 22,
    "risk_group": 27,
    "sick_day_id": null,
    "sick_days_left": null,
    "created_at": "2021-02-25T14:34:00Z",
    "updated_at": "2021-02-25T14:37:50Z"
  }
},
{
  "model": "CC.employee",
  "pk": 363,
  "fields": {
    "uid": "6057",
    "first_name": "Monica",
    "last_name": "Ruby",
    "email": "Monica.Ruby@example.com",
    "department": 22,
    "risk_group": 27,
    "sick_day_id": null,
    "sick_days_left": null,
    "created_at": "2021-02-25T14:34:00Z",
    "updated_at": "2021-02-25T14:37:50Z"
  }
},
{
  "model": "CC.employee",
  "pk": 364,
  "fields": {
    "uid": "6143",
    "first_name": "Ross",
    "last_name": "Jahva",
    "email": "Ross.Jahva@example.com",
    "department": 25,
    "risk_group": 27,
    "sick_day_id": null,
    "sick_days_left": null,
    "created_at": "2021-02-25T14:34:00Z",
    "updated_at": "2021-02-25T14:37:50Z"
  }
},
{
  "model": "CC.employee",
  "pk": 365,
  "fields": {
    "uid": "6209",
    "first_name": "Joey",
    "last_name": "Stark",
    "email": "Joey.Stark@example.com",
    "department": 24,
    "risk_group": 27,
    "sick_day_id": null,
    "sick_days_left": null,
    "created_at": "2021-02-25T14:34:00Z",
    "updated_at": "2021-02-25T14:37:50Z"
  }
},
{
  "model": "CC.employee",
  "pk": 366,
  "fields": {
    "uid": "6289",
    "first_name": "Chandler",
    "last_name": "Rogers",
    "email": "Chandler.Rogers@example.com",
    "department": 23,
    "risk_group": 27,
    "sick_day_id": null,
    "sick_days_left": null,
    "created_at": "2021-02-25T14:34:00Z",
    "updated_at": "2021-02-25T14:37:50Z"
  }
},
{
  "model": "CC.employee",
  "pk": 367,
  "fields": {
    "uid": "6351",
    "first_name": "Clark",
    "last_name": "Wayne",
    "email": "Clark.Wayne@example.com",
    "department": 24,
    "risk_group": 27,
    "sick_day_id": null,
    "sick_days_left": null,
    "created_at": "2021-02-25T14:34:00Z",
    "updated_at": "2021-02-25T14:37:50Z"
  }
},
{
  "model": "CC.employee",
  "pk": 368,
  "fields": {
    "uid": "6553",
    "first_name": "Harley",
    "last_name": "Kent",
    "email": "Harley.Kent@example.com",
    "department": 21,
    "risk_group": 27,
    "sick_day_id": null,
    "sick_days_left": null,
    "created_at": "2021-02-25T14:34:00Z",
    "updated_at": "2021-02-25T14:37:50Z"
  }
},
{
  "model": "CC.employee",
  "pk": 369,
  "fields": {
    "uid": "6711",
    "first_name": "Selina",
    "last_name": "Wilson",
    "email": "Selina.Wilson@example.com",
    "department": 21,
    "risk_group": 27,
    "sick_day_id": null,
    "sick_days_left": null,
    "created_at": "2021-02-25T14:34:00Z",
    "updated_at": "2021-02-25T14:37:50Z"
  }
},
{
  "model": "CC.employee",
  "pk": 370,
  "fields": {
    "uid": "6996",
    "first_name": "Miguel",
    "last_name": "Quinn",
    "email": "Miguel.Quinn@example.com",
    "department": 22,
    "risk_group": 26,
    "sick_day_id": null,
    "sick_days_left": null,
    "created_at": "2021-02-25T14:34:00Z",
    "updated_at": "2021-02-25T14:37:50Z"
  }
},
{
  "model": "CC.employee",
  "pk": 371,
  "fields": {
    "uid": "7048",
    "first_name": "Tulio",
    "last_name": "Kyle",
    "email": "Tulio.Kyle@example.com",
    "department": 25,
    "risk_group": 26,
    "sick_day_id": null,
    "sick_days_left": null,
    "created_at": "2021-02-25T14:34:00Z",
    "updated_at": "2021-02-25T14:37:50Z"
  }
},
{
  "model": "CC.employee",
  "pk": 372,
  "fields": {
    "uid": "7089",
    "first_name": "Danny",
    "last_name": "Johnson",
    "email": "Danny.Johnson@example.com",
    "department": 21,
    "risk_group": 26,
    "sick_day_id": null,
    "sick_days_left": null,
    "created_at": "2021-02-25T14:34:00Z",
    "updated_at": "2021-02-25T14:37:50Z"
  }
},
{
  "model": "CC.employee",
  "pk": 373,
  "fields": {
    "uid": "7115",
    "first_name": "Kevin",
    "last_name": "Luceum",
    "email": "Kevin.Luceum@example.com",
    "department": 24,
    "risk_group": 26,
    "sick_day_id": null,
    "sick_days_left": null,
    "created_at": "2021-02-25T14:34:00Z",
    "updated_at": "2021-02-25T14:37:50Z"
  }
},
{
  "model": "CC.employee",
  "pk": 374,
  "fields": {
    "uid": "7131",
    "first_name": "Mario",
    "last_name": "Cole",
    "email": "Mario.Cole@example.com",
    "department": 21,
    "risk_group": 26,
    "sick_day_id": null,
    "sick_days_left": null,
    "created_at": "2021-02-25T14:34:00Z",
    "updated_at": "2021-02-25T14:37:50Z"
  }
},
{
  "model": "CC.employee",
  "pk": 375,
  "fields": {
    "uid": "7219",
    "first_name": "Peach",
    "last_name": "Smith",
    "email": "Peach.Smith@example.com",
    "department": 23,
    "risk_group": 26,
    "sick_day_id": null,
    "sick_days_left": null,
    "created_at": "2021-02-25T14:34:00Z",
    "updated_at": "2021-02-25T14:37:50Z"
  }
},
{
  "model": "CC.employee",
  "pk": 376,
  "fields": {
    "uid": "7280",
    "first_name": "Luigi",
    "last_name": "Kite",
    "email": "Luigi.Kite@example.com",
    "department": 25,
    "risk_group": 26,
    "sick_day_id": null,
    "sick_days_left": null,
    "created_at": "2021-02-25T14:34:00Z",
    "updated_at": "2021-02-25T14:37:50Z"
  }
},
{
  "model": "CC.employee",
  "pk": 377,
  "fields": {
    "uid": "7335",
    "first_name": "Doug",
    "last_name": "Kuczmejno",
    "email": "Doug.Kuczmejno@example.com",
    "department": 22,
    "risk_group": 26,
    "sick_day_id": null,
    "sick_days_left": null,
    "created_at": "2021-02-25T14:34:00Z",
    "updated_at": "2021-02-25T14:37:50Z"
  }
},
{
  "model": "CC.employee",
  "pk": 378,
  "fields": {
    "uid": "7342",
    "first_name": "Cloud",
    "last_name": "Hyman",
    "email": "Cloud.Hyman@example.com",
    "department": 22,
    "risk_group": 26,
    "sick_day_id": null,
    "sick_days_left": null,
    "created_at": "2021-02-25T14:34:00Z",
    "updated_at": "2021-02-25T14:37:50Z"
  }
},
{
  "model": "CC.employee",
  "pk": 379,
  "fields": {
    "uid": "7351",
    "first_name": "Leon",
    "last_name": "Jacobs",
    "email": "Leon.Jacobs@example.com",
    "department": 23,
    "risk_group": 26,
    "sick_day_id": null,
    "sick_days_left": null,
    "created_at": "2021-02-25T14:34:00Z",
    "updated_at": "2021-02-25T14:37:50Z"
  }
},
{
  "model": "CC.employee",
  "pk": 380,
  "fields": {
    "uid": "7418",
    "first_name": "Squal",
    "last_name": "Daniels",
    "email": "Squal.Daniels@example.com",
    "department": 21,
    "risk_group": 26,
    "sick_day_id": null,
    "sick_days_left": null,
    "created_at": "2021-02-25T14:34:00Z",
    "updated_at": "2021-02-25T14:37:50Z"
  }
},
{
  "model": "CC.employee",
  "pk": 381,
  "fields": {
    "uid": "7611",
    "first_name": "Zidane",
    "last_name": "Sorenson",
    "email": "Zidane.Sorenson@example.com",
    "department": 21,
    "risk_group": 26,
    "sick_day_id": null,
    "sick_days_left": null,
    "created_at": "2021-02-25T14:34:00Z",
    "updated_at": "2021-02-25T14:37:50Z"
  }
},
{
  "model": "CC.employee",
  "pk": 382,
  "fields": {
    "uid": "7694",
    "first_name": "Sora",
    "last_name": "Potter",
    "email": "Sora.Potter@example.com",
    "department": 21,
    "risk_group": 26,
    "sick_day_id": null,
    "sick_days_left": null,
    "created_at": "2021-02-25T14:34:00Z",
    "updated_at": "2021-02-25T14:37:50Z"
  }
},
{
  "model": "CC.employee",
  "pk": 383,
  "fields": {
    "uid": "7767",
    "first_name": "Garnet",
    "last_name": "Bull",
    "email": "Garnet.Bull@example.com",
    "department": 25,
    "risk_group": 26,
    "sick_day_id": null,
    "sick_days_left": null,
    "created_at": "2021-02-25T14:34:00Z",
    "updated_at": "2021-02-25T14:37:50Z"
  }
},
{
  "model": "CC.employee",
  "pk": 384,
  "fields": {
    "uid": "7781",
    "first_name": "Roy",
    "last_name": "Reed",
    "email": "Roy.Reed@example.com",
    "department": 23,
    "risk_group": 26,
    "sick_day_id": null,
    "sick_days_left": null,
    "created_at": "2021-02-25T14:34:00Z",
    "updated_at": "2021-02-25T14:37:50Z"
  }
},
{
  "model": "CC.employee",
  "pk": 385,
  "fields": {
    "uid": "8216",
    "first_name": "Rose",
    "last_name": "Reid",
    "email": "Rose.Reid@example.com",
    "department": 25,
    "risk_group": 26,
    "sick_day_id": null,
    "sick_days_left": null,
    "created_at": "2021-02-25T14:34:00Z",
    "updated_at": "2021-02-25T14:37:50Z"
  }
},
{
  "model": "CC.employee",
  "pk": 386,
  "fields": {
    "uid": "8335",
    "first_name": "Jack",
    "last_name": "Parrick",
    "email": "Jack.Parrick@example.com",
    "department": 22,
    "risk_group": 26,
    "sick_day_id": null,
    "sick_days_left": null,
    "created_at": "2021-02-25T14:34:00Z",
    "updated_at": "2021-02-25T14:37:50Z"
  }
},
{
  "model": "CC.employee",
  "pk": 387,
  "fields": {
    "uid": "8352",
    "first_name": "Tifa",
    "last_name": "Green",
    "email": "Tifa.Green@example.com",
    "department": 25,
    "risk_group": 26,
    "sick_day_id": null,
    "sick_days_left": null,
    "created_at": "2021-02-25T14:34:00Z",
    "updated_at": "2021-02-25T14:37:50Z"
  }
},
{
  "model": "CC.employee",
  "pk": 388,
  "fields": {
    "uid": "8547",
    "first_name": "Aerith",
    "last_name": "Maddams",
    "email": "Aerith.Maddams@example.com",
    "department": 21,
    "risk_group": 26,
    "sick_day_id": null,
    "sick_days_left": null,
    "created_at": "2021-02-25T14:34:00Z",
    "updated_at": "2021-02-25T14:37:50Z"
  }
},
{
  "model": "CC.employee",
  "pk": 389,
  "fields": {
    "uid": "8570",
    "first_name": "Aeris",
    "last_name": "Adams",
    "email": "Aeris.Adams@example.com",
    "department": 25,
    "risk_group": 26,
    "sick_day_id": null,
    "sick_days_left": null,
    "created_at": "2021-02-25T14:34:00Z",
    "updated_at": "2021-02-25T14:37:50Z"
  }
},
{
  "model": "CC.employee",
  "pk": 390,
  "fields": {
    "uid": "8832",
    "first_name": "Shaoib",
    "last_name": "Duthie",
    "email": "Shaoib.Duthie@example.com",
    "department": 22,
    "risk_group": 26,
    "sick_day_id": null,
    "sick_days_left": null,
    "created_at": "2021-02-25T14:34:00Z",
    "updated_at": "2021-02-25T14:37:50Z"
  }
},
{
  "model": "CC.employee",
  "pk": 391,
  "fields": {
    "uid": "8906",
    "first_name": "Vishnu",
    "last_name": "Ten",
    "email": "Vishnu.Ten@example.com",
    "department": 23,
    "risk_group": 26,
    "sick_day_id": null,
    "sick_days_left": null,
    "created_at": "2021-02-25T14:34:00Z",
    "updated_at": "2021-02-25T14:37:50Z"
  }
},
{
  "model": "CC.employee",
  "pk": 392,
  "fields": {
    "uid": "9002",
    "first_name": "Erdrick",
    "last_name": "Nien",
    "email": "Erdrick.Nien@example.com",
    "department": 21,
    "risk_group": 26,
    "sick_day_id": null,
    "sick_days_left": null,
    "created_at": "2021-02-25T14:34:00Z",
    "updated_at": "2021-02-25T14:37:50Z"
  }
},
{
  "model": "CC.employee",
  "pk": 393,
  "fields": {
    "uid": "9272",
    "first_name": "Kratos",
    "last_name": "Ahyt",
    "email": "Kratos.Ahyt@example.com",
    "department": 23,
    "risk_group": 26,
    "sick_day_id": null,
    "sick_days_left": null,
    "created_at": "2021-02-25T14:34:00Z",
    "updated_at": "2021-02-25T14:37:50Z"
  }
},
{
  "model": "CC.employee",
  "pk": 394,
  "fields": {
    "uid": "9312",
    "first_name": "Aloy",
    "last_name": "Sehven",
    "email": "Aloy.Sehven@example.com",
    "department": 25,
    "risk_group": 26,
    "sick_day_id": null,
    "sick_days_left": null,
    "created_at": "2021-02-25T14:34:00Z",
    "updated_at": "2021-02-25T14:37:50Z"
  }
},
{
  "model": "CC.employee",
  "pk": 395,
  "fields": {
    "uid": "9404",
    "first_name": "Rey",
    "last_name": "Sicks",
    "email": "Rey.Sicks@example.com",
    "department": 23,
    "risk_group": 26,
    "sick_day_id": null,
    "sick_days_left": null,
    "created_at": "2021-02-25T14:34:00Z",
    "updated_at": "2021-02-25T14:37:50Z"
  }
},
{
  "model": "CC.employee",
  "pk": 396,
  "fields": {
    "uid": "9541",
    "first_name": "Finn",
    "last_name": "Thighve",
    "email": "Finn.Thighve@example.com",
    "department": 22,
    "risk_group": 26,
    "sick_day_id": null,
    "sick_days_left": null,
    "created_at": "2021-02-25T14:34:00Z",
    "updated_at": "2021-02-25T14:37:50Z"
  }
},
{
  "model": "CC.employee",
  "pk": 397,
  "fields": {
    "uid": "9720",
    "first_name": "Clive",
    "last_name": "Free",
    "email": "Clive.Free@example.com",
    "department": 21,
    "risk_group": 26,
    "sick_day_id": null,
    "sick_days_left": null,
    "created_at": "2021-02-25T14:34:00Z",
    "updated_at": "2021-02-25T14:37:50Z"
  }
},
{
  "model": "CC.employee",
  "pk": 398,
  "fields": {
    "uid": "9791",
    "first_name": "Joshua",
    "last_name": "Too",
    "email": "Joshua.Too@example.com",
    "department": 21,
    "risk_group": 26,
    "sick_day_id": null,
    "sick_days_left": null,
    "created_at": "2021-02-25T14:34:00Z",
    "updated_at": "2021-02-25T14:37:50Z"
  }
},
{
  "model": "CC.employee",
  "pk": 399,
  "fields": {
    "uid": "9903",
    "first_name": "Jill",
    "last_name": "Wun",
    "email": "Jill.Wun@example.com",
    "department": 25,
    "risk_group": 26,
    "sick_day_id": null,
    "sick_days_left": null,
    "created_at": "2021-02-25T14:34:00Z",
    "updated_at": "2021-02-25T14:37:50Z"
  }
},
{
  "model": "CC.employee",
  "pk": 400,
  "fields": {
    "uid": "9981",
    "first_name": "Chris",
    "last_name": "Null",
    "email": "Chris.Null@example.com",
    "department": 24,
    "risk_group": 26,
    "sick_day_id": null,
    "sick_days_left": null,
    "created_at": "2021-02-25T14:34:00Z",
    "updated_at": "2021-02-25T14:37:50Z"
  }
},
{
  "model": "CC.goal",
  "pk": 9,
  "fields": {
    "name": "Average hand sanitizations",
    "description": "Achieve more than 5 Hand sanitizations on average per employee per day",
    "has_been_achieved": false,
    "value": 5,
    "created_at": "2021-02-25T14:34:00Z",
    "updated_at": "2021-02-25T14:34:00Z"
  }
},
{
  "model": "CC.goal",
  "pk": 10,
  "fields": {
    "name": "Max number of high risk employees",
    "description": "Have less then 10% of employees in high risk category",
    "has_been_achieved": false,
    "value": 0,
    "created_at": "2021-02-25T14:34:00Z",
    "updated_at": "2021-02-25T14:34:00Z"
  }
},
{
  "model": "CC.riskgroup",
  "pk": 25,
  "fields": {
    "name": "High"
  }
},
{
  "model": "CC.riskgroup",
  "pk": 26,
  "fields": {
    "name": "Medium"
  }
},
{
  "model": "CC.riskgroup",
  "pk": 27,
  "fields": {
    "name": "Low"
  }
},
{
  "model": "CC.riskgroup",
  "pk": 28,
  "fields": {
    "name": "Low"
  }
},
{
  "model": "CC.riskgroup",
  "pk": 29,
  "fields": {
    "name": "Medium"
  }
},
{
  "model": "CC.riskgroup",
  "pk": 30,
  "fields": {
    "name": "High"
  }
},
{
  "model": "CC.sanitizerstation",
  "pk": 1570,
  "fields": {
    "name": "First Dept Sanitizer",
    "location": "Bathroom",
    "volume_capacity": 100,
    "volume_remaining": 100,
    "type": null,
    "created_at": "2021-02-25T14:34:00Z",
    "updated_at": "2021-02-25T14:34:00Z"
  }
},
{
  "model": "CC.sanitizerstation",
  "pk": 1571,
  "fields": {
    "name": "First Dept Sanitizer",
    "location": "Entrance",
    "volume_capacity": 100,
    "volume_remaining": 100,
    "type": null,
    "created_at": "2021-02-25T14:34:00Z",
    "updated_at": "2021-02-25T14:34:00Z"
  }
},
{
  "model": "CC.sanitizerstation",
  "pk": 1572,
  "fields": {
    "name": "Second Dept Sanitizer",
    "location": "Entrance",
    "volume_capacity": 100,
    "volume_remaining": 100,
    "type": null,
    "created_at": "2021-02-25T14:34:00Z",
    "updated_at": "2021-02-25T14:34:00Z"
  }
},
{
  "model": "CC.sanitizerstation",
  "pk": 1573,
  "fields": {
    "name": "Second Dept Sanitizer",
    "location": "Exit",
    "volume_capacity": 100,
    "volume_remaining": 100,
    "type": null,
    "created_at": "2021-02-25T14:34:00Z",
    "updated_at": "2021-02-25T14:34:00Z"
  }
},
{
  "model": "CC.sanitizerstation",
  "pk": 1574,
  "fields": {
    "name": "Third Dept Sanitizer",
    "location": "Entrance",
    "volume_capacity": 100,
    "volume_remaining": 100,
    "type": null,
    "created_at": "2021-02-25T14:34:00Z",
    "updated_at": "2021-02-25T14:34:00Z"
  }
},
{
  "model": "CC.sanitizerstation",
  "pk": 1575,
  "fields": {
    "name": "Third Dept Sanitizer",
    "location": "Bathroom",
    "volume_capacity": 100,
    "volume_remaining": 100,
    "type": null,
    "created_at": "2021-02-25T14:34:00Z",
    "updated_at": "2021-02-25T14:34:00Z"
  }
},
{
  "model": "CC.sanitizerstation",
  "pk": 1576,
  "fields": {
    "name": "Fourth Dept Sanitizer",
    "location": "The Balcony",
    "volume_capacity": 100,
    "volume_remaining": 100,
    "type": null,
    "created_at": "2021-02-25T14:34:00Z",
    "updated_at": "2021-02-25T14:34:00Z"
  }
},
{
  "model": "CC.sanitizerstation",
  "pk": 1577,
  "fields": {
    "name": "Fourth Dept Sanitizer",
    "location": "The Attic",
    "volume_capacity": 100,
    "volume_remaining": 100,
    "type": null,
    "created_at": "2021-02-25T14:34:00Z",
    "updated_at": "2021-02-25T14:34:00Z"
  }
}
]
